State,County,# Firearm Fatalities,County Value,AIAN,Asian,Black,Hispanic,White
Alabama,Autauga,46,17,,,,,
Alabama,Baldwin,153,14,,,,,
Alabama,Barbour,27,21,,,19,,25
Alabama,Bibb,23,20,,,,,
Alabama,Blount,62,21,,,,,
Alabama,Bullock,13,25,,,,,
Alabama,Butler,21,21,,,,,
Alabama,Calhoun,155,27,,,29,,27
Alabama,Chambers,42,25,,,15,,34
Alabama,Cherokee,36,28,,,,,
Alabama,Chilton,31,14,,,,,
Alabama,Choctaw,10,15,,,,,
Alabama,Clarke,23,19,,,,,
Alabama,Clay,13,19,,,,,
Alabama,Cleburne,16,21,,,,,
Alabama,Coffee,40,15,,,,,
Alabama,Colbert,60,22,,,,,
Alabama,Conecuh,12,19,,,,,
Alabama,Coosa,14,26,,,,,
Alabama,Covington,39,21,,,,,
Alabama,Crenshaw,10,14,,,,,
Alabama,Cullman,62,15,,,,,
Alabama,Dale,54,22,,,,,
Alabama,Dallas,76,39,,,45,,26
Alabama,DeKalb,67,19,,,,,
Alabama,Elmore,95,23,,,22,,24
Alabama,Escambia,46,25,,,17,,29
Alabama,Etowah,95,19,,,13,,20
Alabama,Fayette,18,22,,,,,
Alabama,Franklin,25,16,,,,,
Alabama,Geneva,21,16,,,,,
Alabama,Greene,,,,,,,
Alabama,Hale,19,26,,,,,
Alabama,Henry,17,20,,,,,
Alabama,Houston,91,17,,,18,,18
Alabama,Jackson,61,23,,,,,
Alabama,Jefferson,986,30,,,46,12,19
Alabama,Lamar,10,14,,,,,
Alabama,Lauderdale,63,14,,,,,
Alabama,Lawrence,37,22,,,,,
Alabama,Lee,142,18,,,31,,14
Alabama,Limestone,83,18,,,,,
Alabama,Lowndes,27,53,,,,,
Alabama,Macon,48,51,,,,,
Alabama,Madison,340,19,,,23,,19
Alabama,Marengo,17,18,,,,,
Alabama,Marion,28,19,,,,,
Alabama,Marshall,76,16,,,,,
Alabama,Mobile,517,25,,,35,,20
Alabama,Monroe,22,21,,,23,,19
Alabama,Montgomery,304,27,,,34,,20
Alabama,Morgan,126,21,,,26,,22
Alabama,Perry,,,,,,,
Alabama,Pickens,10,10,,,,,
Alabama,Pike,29,17,,,21,,15
Alabama,Randolph,28,25,,,,,
Alabama,Russell,83,29,,,35,,27
Alabama,Shelby,144,14,,,12,,14
Alabama,St. Clair,73,17,,,,,
Alabama,Sumter,18,28,,,,,
Alabama,Talladega,113,28,,,25,,30
Alabama,Tallapoosa,43,21,,,,,
Alabama,Tuscaloosa,163,16,,,18,,15
Alabama,Walker,78,24,,,,,
Alabama,Washington,18,22,,,,,
Alabama,Wilcox,16,30,,,,,
Alabama,Winston,21,18,,,,,
Alaska,Aleutians East,,,,,,,
Alaska,Aleutians West,,,,,,,
Alaska,Anchorage,342,23,37,13,41,20,22
Alaska,Bethel,28,31,,,,,
Alaska,Bristol Bay,,,,,,,
Alaska,Denali,,,,,,,
Alaska,Dillingham,,,,,,,
Alaska,Fairbanks North Star,128,26,51,,,,24
Alaska,Haines,,,,,,,
Alaska,Hoonah-Angoon,,,,,,,
Alaska,Juneau,28,17,,,,,
Alaska,Kenai Peninsula,61,21,,,,,
Alaska,Ketchikan Gateway,13,19,,,,,
Alaska,Kodiak Island,14,21,,,,,
Alaska,Kusilvak,27,66,,,,,
Alaska,Lake and Peninsula,,,,,,,
Alaska,Matanuska-Susitna,117,22,38,,,,21
Alaska,Nome,16,32,,,,,
Alaska,North Slope,16,33,,,,,
Alaska,Northwest Arctic,22,57,,,,,
Alaska,Petersburg,,,,,,,
Alaska,Prince of Wales-Hyder,,,,,,,
Alaska,Sitka,,,,,,,
Alaska,Skagway,,,,,,,
Alaska,Southeast Fairbanks,,,,,,,
Alaska,Valdez-Cordova,,,,,,,
Alaska,Wrangell,,,,,,,
Alaska,Yakutat,,,,,,,
Alaska,Yukon-Koyukuk,,,,,,,
Arizona,Apache,58,16,12,,,,37
Arizona,Cochise,125,20,,,,9,28
Arizona,Coconino,106,15,9,,,,20
Arizona,Gila,71,26,,,,,
Arizona,Graham,27,14,,,,18,15
Arizona,Greenlee,,,,,,,
Arizona,La Paz,43,42,,,,,
Arizona,Maricopa,3033,14,10,5,23,10,16
Arizona,Mohave,285,27,,,,12,31
Arizona,Navajo,113,21,12,,,,33
Arizona,Pima,862,17,18,7,24,12,20
Arizona,Pinal,316,15,29,,,8,18
Arizona,Santa Cruz,17,7,,,,,
Arizona,Yavapai,302,26,,,,7,30
Arizona,Yuma,121,12,,,,7,21
Arkansas,Arkansas County,17,19,,,,,
Arkansas,Ashley,23,23,,,,,
Arkansas,Baxter,60,29,,,,,
Arkansas,Benton,142,11,,,,,
Arkansas,Boone,39,21,,,,,
Arkansas,Bradley,10,18,,,,,
Arkansas,Calhoun,,,,,,,
Arkansas,Carroll,21,15,,,,,
Arkansas,Chicot,11,21,,,,,
Arkansas,Clark,12,11,,,,,
Arkansas,Clay,14,19,,,,,
Arkansas,Cleburne,28,22,,,,,
Arkansas,Cleveland,,,,,,,
Arkansas,Columbia,23,19,,,,,
Arkansas,Conway,16,15,,,,,
Arkansas,Craighead,93,17,,,22,,18
Arkansas,Crawford,43,14,,,,,
Arkansas,Crittenden,65,27,,,34,,20
Arkansas,Cross,14,17,,,,,
Arkansas,Dallas,11,30,,,,,
Arkansas,Desha,13,22,,,,,
Arkansas,Drew,18,19,,,,,
Arkansas,Faulkner,92,15,,,16,,16
Arkansas,Franklin,17,19,,,,,
Arkansas,Fulton,13,21,,,,,
Arkansas,Garland,125,25,,,38,,25
Arkansas,Grant,20,22,,,,,
Arkansas,Greene,53,24,,,,,
Arkansas,Hempstead,14,13,,,,,
Arkansas,Hot Spring,39,23,,,,,
Arkansas,Howard,,,,,,,
Arkansas,Independence,33,18,,,,,
Arkansas,Izard,14,21,,,,,
Arkansas,Jackson,11,13,,,,,
Arkansas,Jefferson,126,36,,,43,,29
Arkansas,Johnson,25,19,,,,,
Arkansas,Lafayette,12,35,,,,,
Arkansas,Lawrence,15,18,,,,,
Arkansas,Lee,,,,,,,
Arkansas,Lincoln,,,,,,,
Arkansas,Little River,10,16,,,,,
Arkansas,Logan,17,16,,,,,
Arkansas,Lonoke,57,16,,,,,
Arkansas,Madison,11,14,,,,,
Arkansas,Marion,23,28,,,,,
Arkansas,Miller,43,20,,,,,
Arkansas,Mississippi,71,34,,,73,,10
Arkansas,Monroe,,,,,,,
Arkansas,Montgomery,,,,,,,
Arkansas,Nevada,,,,,,,
Arkansas,Newton,13,33,,,,,
Arkansas,Ouachita,12,10,,,,,
Arkansas,Perry,,,,,,,
Arkansas,Phillips,46,50,,,,,
Arkansas,Pike,,,,,,,
Arkansas,Poinsett,27,23,,,,,
Arkansas,Polk,28,28,,,,,
Arkansas,Pope,55,17,,,,,
Arkansas,Prairie,,,,,,,
Arkansas,Pulaski,489,25,,,34,17,20
Arkansas,Randolph,18,20,,,,,
Arkansas,Saline,106,18,,,,,
Arkansas,Scott,,,,,,,
Arkansas,Searcy,12,30,,,,,
Arkansas,Sebastian,96,15,,,,,
Arkansas,Sevier,13,15,,,,,
Arkansas,Sharp,19,22,,,,,
Arkansas,St. Francis,25,19,,,22,,19
Arkansas,Stone,17,27,,,,,
Arkansas,Union,39,20,,,31,,16
Arkansas,Van Buren,10,12,,,,,
Arkansas,Washington,126,11,,,,,
Arkansas,White,55,14,,,,,
Arkansas,Woodruff,,,,,,,
Arkansas,Yell,15,14,,,,,
California,Alameda,613,7,,2,28,7,7
California,Alpine,,,,,,,
California,Amador,34,18,,,,,
California,Butte,162,14,,,,9,16
California,Calaveras,49,22,,,,,
California,Colusa,,,,,,,
California,Contra Costa,468,8,,2,29,6,7
California,Del Norte,20,15,,,,,
California,El Dorado,103,11,,,,,
California,Fresno,477,10,,6,31,8,11
California,Glenn,28,20,,,,,
California,Humboldt,119,17,43,,,,18
California,Imperial,48,5,,,,4,16
California,Inyo,12,13,,,,,
California,Kern,593,13,,5,30,11,15
California,Kings,67,9,,,,8,9
California,Lake,77,24,,,,20,25
California,Lassen,23,15,,,,,
California,Los Angeles,3746,7,7,3,20,6,8
California,Madera,65,8,,,,6,12
California,Marin,80,6,,,,,
California,Mariposa,16,18,,,,,
California,Mendocino,65,15,,,,,
California,Merced,121,9,,,21,8,10
California,Modoc,,,,,,,
California,Mono,,,,,,,
California,Monterey,248,11,,,,12,12
California,Napa,49,7,,,,,
California,Nevada,69,14,,,,,
California,Orange,760,5,,2,7,4,7
California,Placer,123,6,,,,4,7
California,Plumas,19,20,,,,,
California,Riverside,957,8,21,3,13,5,11
California,Sacramento,739,10,,5,19,7,10
California,San Benito,21,7,,,,,
California,San Bernardino,1099,10,,3,20,7,15
California,San Diego,1076,6,,2,12,4,9
California,San Francisco,230,5,,2,32,8,4
California,San Joaquin,438,12,,8,36,9,11
California,San Luis Obispo,129,9,,,,,
California,San Mateo,164,4,,2,13,4,6
California,Santa Barbara,169,8,,,,5,11
California,Santa Clara,399,4,,2,8,4,7
California,Santa Cruz,104,8,,,,5,9
California,Shasta,152,17,,,,,
California,Sierra,,,,,,,
California,Siskiyou,43,20,,,,,
California,Solano,256,12,,4,27,8,11
California,Sonoma,154,6,,,,3,8
California,Stanislaus,193,7,,,13,4,10
California,Sutter,52,11,,,,8,15
California,Tehama,55,17,,,,12,20
California,Trinity,24,38,,,,,
California,Tulare,242,10,,,,9,13
California,Tuolumne,35,13,,,,,
California,Ventura,309,7,,,,5,10
California,Yolo,58,5,,,,5,7
California,Yuba,66,17,,,,11,20
Colorado,Adams,327,13,,,18,8,16
Colorado,Alamosa,15,18,,,,,
Colorado,Arapahoe,385,12,,6,19,8,12
Colorado,Archuleta,16,24,,,,,
Colorado,Baca,,,,,,,
Colorado,Bent,,,,,,,
Colorado,Boulder,149,9,,,,,
Colorado,Broomfield,41,12,,,,,
Colorado,Chaffee,20,20,,,,,
Colorado,Cheyenne,,,,,,,
Colorado,Clear Creek,13,27,,,,,
Colorado,Conejos,18,44,,,,,
Colorado,Costilla,,,,,,,
Colorado,Crowley,,,,,,,
Colorado,Custer,11,46,,,,,
Colorado,Delta,44,29,,,,,
Colorado,Denver,467,13,,8,29,11,12
Colorado,Dolores,,,,,,,
Colorado,Douglas,163,10,,,,7,10
Colorado,Eagle,22,8,,,,,
Colorado,El Paso,683,20,,9,22,17,20
Colorado,Elbert,14,11,,,,,
Colorado,Fremont,57,24,,,,,
Colorado,Garfield,44,15,,,,,
Colorado,Gilpin,,,,,,,
Colorado,Grand,12,16,,,,,
Colorado,Gunnison,22,26,,,,,
Colorado,Hinsdale,,,,,,,
Colorado,Huerfano,12,36,,,,,
Colorado,Jackson,,,,,,,
Colorado,Jefferson,331,12,,,24,7,13
Colorado,Kiowa,,,,,,,
Colorado,Kit Carson,,,,,,,
Colorado,La Plata,54,19,,,,,
Colorado,Lake,,,,,,,
Colorado,Larimer,232,13,,,,5,15
Colorado,Las Animas,23,32,,,,40,29
Colorado,Lincoln,,,,,,,
Colorado,Logan,16,15,,,,,
Colorado,Mesa,166,22,,,,14,23
Colorado,Mineral,,,,,,,
Colorado,Moffat,12,18,,,,,
Colorado,Montezuma,33,25,,,,,
Colorado,Montrose,43,21,,,,,
Colorado,Morgan,16,11,,,,,
Colorado,Otero,16,17,,,,,
Colorado,Ouray,,,,,,,
Colorado,Park,36,40,,,,,
Colorado,Phillips,,,,,,,
Colorado,Pitkin,11,12,,,,,
Colorado,Prowers,,,,,,,
Colorado,Pueblo,173,21,,,,17,23
Colorado,Rio Blanco,,,,,,,
Colorado,Rio Grande,,,,,,,
Colorado,Routt,11,9,,,,,
Colorado,Saguache,,,,,,,
Colorado,San Juan,,,,,,,
Colorado,San Miguel,,,,,,,
Colorado,Sedgwick,,,,,,,
Colorado,Summit,17,11,,,,,
Colorado,Teller,26,21,,,,,
Colorado,Washington,,,,,,,
Colorado,Weld,183,12,,,,7,14
Colorado,Yuma,,,,,,,
Connecticut,Fairfield,182,4,,,10,2,4
Connecticut,Hartford,237,5,,,12,6,4
Connecticut,Litchfield,60,7,,,,,
Connecticut,Middlesex,46,6,,,,,
Connecticut,New Haven,248,6,,,15,4,5
Connecticut,New London,75,6,,,11,,6
Connecticut,Tolland,44,6,,,,,
Connecticut,Windham,33,6,,,,,
Delaware,Kent,96,11,,,14,,11
Delaware,New Castle,339,12,,,25,,9
Delaware,Sussex,99,9,,,13,,9
Florida,Alachua,122,9,,,10,,11
Florida,Baker,23,16,,,,,
Florida,Bay,158,17,,,9,,20
Florida,Bradford,19,14,,,,,
Florida,Brevard,480,16,,,20,5,18
Florida,Broward,986,10,,5,14,5,13
Florida,Calhoun,,,,,,,
Florida,Charlotte,134,15,,,,,
Florida,Citrus,156,21,,,,,
Florida,Clay,137,13,,,13,,15
Florida,Collier,162,9,,,,4,11
Florida,Columbia,63,18,,,,,
Florida,DeSoto,27,15,,,,,
Florida,Dixie,17,21,,,,,
Florida,Duval,968,21,,,32,12,17
Florida,Escambia,256,16,,,18,13,17
Florida,Flagler,81,15,,,,,
Florida,Franklin,,,,,,,
Florida,Gadsden,35,15,,,12,,25
Florida,Gilchrist,18,20,,,,,
Florida,Glades,12,17,,,,,
Florida,Gulf,14,18,,,,,
Florida,Hamilton,12,17,,,,,
Florida,Hardee,14,10,,,,,
Florida,Hendry,38,19,,,,11,30
Florida,Hernando,139,15,,,,9,16
Florida,Highlands,96,19,,,29,,21
Florida,Hillsborough,828,12,,3,16,6,14
Florida,Holmes,19,19,,,,,
Florida,Indian River,115,15,,,15,,17
Florida,Jackson,39,16,,,15,,16
Florida,Jefferson,10,14,,,,,
Florida,Lafayette,,,,,,,
Florida,Lake,254,15,,,13,5,17
Florida,Lee,485,13,,,25,5,14
Florida,Leon,150,10,,,11,,11
Florida,Levy,36,18,,,,,
Florida,Liberty,,,,,,,
Florida,Madison,14,15,,,,,
Florida,Manatee,292,15,,,32,8,15
Florida,Marion,336,19,,,21,7,21
Florida,Martin,100,13,,,23,,14
Florida,Miami-Dade,1488,11,,,30,6,13
Florida,Monroe,74,19,,,,,
Florida,Nassau,72,17,,,,,
Florida,Okaloosa,166,16,,,20,,18
Florida,Okeechobee,22,11,,,,,
Florida,Orange,755,11,,4,21,8,10
Florida,Osceola,166,9,,,14,5,16
Florida,Palm Beach,903,12,,,23,7,12
Florida,Pasco,359,14,,,12,6,16
Florida,Pinellas,656,14,,,17,5,15
Florida,Polk,418,12,,,14,8,14
Florida,Putnam,87,24,,,28,,25
Florida,Santa Rosa,132,15,,,,,
Florida,Sarasota,292,14,,,26,6,14
Florida,Seminole,241,10,,,17,5,11
Florida,St. Johns,168,14,,,,,
Florida,St. Lucie,207,13,,,16,8,14
Florida,Sumter,72,11,,,,,
Florida,Suwannee,41,19,,,,,
Florida,Taylor,27,25,,,,,
Florida,Union,13,17,,,,,
Florida,Volusia,435,16,,,17,9,18
Florida,Wakulla,30,19,,,,,
Florida,Walton,48,14,,,,,
Florida,Washington,20,16,,,,,
Georgia,Appling,10,11,,,,,
Georgia,Atkinson,11,27,,,,,
Georgia,Bacon,10,18,,,,,
Georgia,Baker,,,,,,,
Georgia,Baldwin,51,23,,,24,,23
Georgia,Banks,14,15,,,,,
Georgia,Barrow,61,15,,,,,
Georgia,Bartow,88,17,,,,,
Georgia,Ben Hill,18,21,,,,,
Georgia,Berrien,20,21,,,,,
Georgia,Bibb,177,23,,,29,,16
Georgia,Bleckley,11,17,,,,,
Georgia,Brantley,13,14,,,,,
Georgia,Brooks,,,,,,,
Georgia,Bryan,30,16,,,,,
Georgia,Bulloch,45,12,,,,,
Georgia,Burke,26,23,,,22,,26
Georgia,Butts,19,16,,,,,
Georgia,Calhoun,,,,,,,
Georgia,Camden,23,9,,,,,
Georgia,Candler,,,,,,,
Georgia,Carroll,74,13,,,10,,15
Georgia,Catoosa,47,14,,,,,
Georgia,Charlton,14,22,,,,,
Georgia,Chatham,324,22,,,31,,18
Georgia,Chattahoochee,10,18,,,,,
Georgia,Chattooga,21,17,,,,,
Georgia,Cherokee,133,11,,,,,
Georgia,Clarke,83,13,,,19,,13
Georgia,Clay,,,,,,,
Georgia,Clayton,262,18,,,20,13,19
Georgia,Clinch,,,,,,,
Georgia,Cobb,385,10,,,11,5,12
Georgia,Coffee,42,19,,,24,,21
Georgia,Colquitt,45,20,,,30,,18
Georgia,Columbia,81,11,,,10,,12
Georgia,Cook,20,23,,,,,
Georgia,Coweta,101,14,,,12,,15
Georgia,Crawford,13,21,,,,,
Georgia,Crisp,33,29,,,28,,31
Georgia,Dade,,,,,,,
Georgia,Dawson,32,26,,,,,
Georgia,Decatur,24,18,,,,,
Georgia,DeKalb,660,18,,4,24,12,11
Georgia,Dodge,20,19,,,,,
Georgia,Dooly,10,15,,,,,
Georgia,Dougherty,90,20,,,20,,21
Georgia,Douglas,97,14,,,11,,19
Georgia,Early,,,,,,,
Georgia,Echols,,,,,,,
Georgia,Effingham,44,15,,,,,
Georgia,Elbert,13,14,,,,,
Georgia,Emanuel,22,19,,,,,
Georgia,Evans,,,,,,,
Georgia,Fannin,27,21,,,,,
Georgia,Fayette,59,10,,,10,,11
Georgia,Floyd,88,18,,,29,,18
Georgia,Forsyth,87,8,,,,,
Georgia,Franklin,26,23,,,,,
Georgia,Fulton,856,16,,3,27,8,9
Georgia,Gilmer,39,26,,,,,
Georgia,Glascock,,,,,,,
Georgia,Glynn,74,17,,,17,,19
Georgia,Gordon,41,14,,,,,
Georgia,Grady,25,20,,,,,
Georgia,Greene,18,21,,,,,
Georgia,Gwinnett,448,10,,5,11,4,13
Georgia,Habersham,31,14,,,,,
Georgia,Hall,126,13,,,14,4,17
Georgia,Hancock,,,,,,,
Georgia,Haralson,26,18,,,,,
Georgia,Harris,21,12,,,,,
Georgia,Hart,15,12,,,,,
Georgia,Heard,11,19,,,,,
Georgia,Henry,171,15,,,14,,17
Georgia,Houston,111,14,,,11,,18
Georgia,Irwin,,,,,,,
Georgia,Jackson,62,18,,,,,
Georgia,Jasper,12,17,,,,,
Georgia,Jeff Davis,,,,,,,
Georgia,Jefferson,13,17,,,,,
Georgia,Jenkins,,,,,,,
Georgia,Johnson,,,,,,,
Georgia,Jones,27,19,,,,,
Georgia,Lamar,13,14,,,,,
Georgia,Lanier,,,,,,,
Georgia,Laurens,41,17,,,24,,14
Georgia,Lee,26,18,,,,,
Georgia,Liberty,57,18,,,23,,18
Georgia,Lincoln,,,,,,,
Georgia,Long,10,11,,,,,
Georgia,Lowndes,75,13,,,15,,13
Georgia,Lumpkin,44,27,,,,,
Georgia,Macon,12,18,,,,,
Georgia,Madison,30,21,,,,,
Georgia,Marion,,,,,,,
Georgia,McDuffie,28,26,,,31,,24
Georgia,McIntosh,11,16,,,,,
Georgia,Meriwether,21,20,,,,,
Georgia,Miller,,,,,,,
Georgia,Mitchell,21,19,,,19,,19
Georgia,Monroe,40,29,,,,,
Georgia,Montgomery,,,,,,,
Georgia,Morgan,15,16,,,,,
Georgia,Murray,18,9,,,,,
Georgia,Muscogee,231,24,,,30,,20
Georgia,Newton,122,23,,,25,,22
Georgia,Oconee,21,11,,,,,
Georgia,Oglethorpe,14,19,,,,,
Georgia,Paulding,106,13,,,7,,16
Georgia,Peach,20,15,,,,,
Georgia,Pickens,29,18,,,,,
Georgia,Pierce,16,17,,,,,
Georgia,Pike,16,17,,,,,
Georgia,Polk,52,25,,,,,
Georgia,Pulaski,12,21,,,,,
Georgia,Putnam,16,15,,,,,
Georgia,Quitman,,,,,,,
Georgia,Rabun,14,17,,,,,
Georgia,Randolph,,,,,,,
Georgia,Richmond,210,21,,,23,,21
Georgia,Rockdale,75,17,,,18,,16
Georgia,Schley,,,,,,,
Georgia,Screven,17,24,,,,,
Georgia,Seminole,,,,,,,
Georgia,Spalding,55,17,,,12,,21
Georgia,Stephens,22,17,,,,,
Georgia,Stewart,,,,,,,
Georgia,Sumter,36,24,,,16,,38
Georgia,Talbot,,,,,,,
Georgia,Taliaferro,,,,,,,
Georgia,Tattnall,18,14,,,,,
Georgia,Taylor,,,,,,,
Georgia,Telfair,11,14,,,,,
Georgia,Terrell,,,,,,,
Georgia,Thomas,22,10,,,,,
Georgia,Tift,31,15,,,20,,14
Georgia,Toombs,24,18,,,31,,16
Georgia,Towns,,,,,,,
Georgia,Treutlen,,,,,,,
Georgia,Troup,67,19,,,19,,21
Georgia,Turner,,,,,,,
Georgia,Twiggs,11,27,,,,,
Georgia,Union,33,28,,,,,
Georgia,Upson,20,15,,,,,
Georgia,Walker,39,11,,,,,
Georgia,Walton,72,16,,,16,,16
Georgia,Ware,28,16,,,24,,13
Georgia,Warren,,,,,,,
Georgia,Washington,18,18,,,,,
Georgia,Wayne,26,17,,,,,
Georgia,Webster,,,,,,,
Georgia,Wheeler,,,,,,,
Georgia,White,24,16,,,,,
Georgia,Whitfield,53,10,,,,,
Georgia,Wilcox,,,,,,,
Georgia,Wilkes,12,24,,,,,
Georgia,Wilkinson,,,,,,,
Georgia,Worth,20,20,,,,,
Hawaii,Hawaii County,76,8,,6,,11,8
Hawaii,Honolulu,149,3,,3,,3,4
Hawaii,Kalawao,,,,,,,
Hawaii,Kauai,24,7,,6,,,8
Hawaii,Maui,32,4,,3,,,6
Idaho,Ada,302,13,,,,7,14
Idaho,Adams,,,,,,,
Idaho,Bannock,85,20,,,,,
Idaho,Bear Lake,,,,,,,
Idaho,Benewah,13,28,,,,,
Idaho,Bingham,37,16,,,,,
Idaho,Blaine,12,11,,,,,
Idaho,Boise,,,,,,,
Idaho,Bonner,51,23,,,,,
Idaho,Bonneville,91,16,,,,,
Idaho,Boundary,,,,,,,
Idaho,Butte,,,,,,,
Idaho,Camas,,,,,,,
Idaho,Canyon,145,13,,,,6,16
Idaho,Caribou,10,29,,,,,
Idaho,Cassia,17,14,,,,,
Idaho,Clark,,,,,,,
Idaho,Clearwater,18,42,,,,,
Idaho,Custer,,,,,,,
Idaho,Elmore,21,16,,,,,
Idaho,Franklin,14,21,,,,,
Idaho,Fremont,,,,,,,
Idaho,Gem,17,20,,,,,
Idaho,Gooding,13,17,,,,,
Idaho,Idaho,21,26,,,,,
Idaho,Jefferson,18,13,,,,,
Idaho,Jerome,18,15,,,,,
Idaho,Kootenai,117,15,,,,,
Idaho,Latah,22,11,,,,,
Idaho,Lemhi,14,36,,,,,
Idaho,Lewis,,,,,,,
Idaho,Lincoln,,,,,,,
Idaho,Madison,10,5,,,,,
Idaho,Minidoka,15,14,,,,,
Idaho,Nez Perce,37,18,,,,,
Idaho,Oneida,,,,,,,
Idaho,Owyhee,14,24,,,,,
Idaho,Payette,20,17,,,,,
Idaho,Power,,,,,,,
Idaho,Shoshone,17,27,,,,,
Idaho,Teton,,,,,,,
Idaho,Twin Falls,69,16,,,,,
Idaho,Valley,,,,,,,
Idaho,Washington,,,,,,,
Illinois,Adams,40,12,,,,,
Illinois,Alexander,,,,,,,
Illinois,Bond,,,,,,,
Illinois,Boone,15,6,,,,,
Illinois,Brown,,,,,,,
Illinois,Bureau,15,9,,,,,
Illinois,Calhoun,,,,,,,
Illinois,Carroll,,,,,,,
Illinois,Cass,,,,,,,
Illinois,Champaign,74,7,,,19,,6
Illinois,Christian,18,11,,,,,
Illinois,Clark,14,18,,,,,
Illinois,Clay,,,,,,,
Illinois,Clinton,11,6,,,,,
Illinois,Coles,17,7,,,,,
Illinois,Cook,3909,15,,1,44,8,5
Illinois,Crawford,,,,,,,
Illinois,Cumberland,,,,,,,
Illinois,De Witt,,,,,,,
Illinois,DeKalb,41,8,,,,,
Illinois,Douglas,,,,,,,
Illinois,DuPage,192,4,,,13,2,4
Illinois,Edgar,,,,,,,
Illinois,Edwards,,,,,,,
Illinois,Effingham,18,11,,,,,
Illinois,Fayette,11,10,,,,,
Illinois,Ford,,,,,,,
Illinois,Franklin,25,13,,,,,
Illinois,Fulton,21,12,,,,,
Illinois,Gallatin,,,,,,,
Illinois,Greene,,,,,,,
Illinois,Grundy,17,7,,,,,
Illinois,Hamilton,,,,,,,
Illinois,Hancock,,,,,,,
Illinois,Hardin,,,,,,,
Illinois,Henderson,,,,,,,
Illinois,Henry,19,8,,,,,
Illinois,Iroquois,20,14,,,,,
Illinois,Jackson,26,9,,,,,
Illinois,Jasper,,,,,,,
Illinois,Jefferson,16,8,,,,,
Illinois,Jersey,16,15,,,,,
Illinois,Jo Daviess,,,,,,,
Illinois,Johnson,,,,,,,
Illinois,Kane,148,6,,,18,4,5
Illinois,Kankakee,58,11,,,28,,7
Illinois,Kendall,34,5,,,23,,4
Illinois,Knox,19,8,,,,,
Illinois,Lake,172,5,,,20,1,5
Illinois,LaSalle,42,8,,,,,
Illinois,Lawrence,,,,,,,
Illinois,Lee,15,9,,,,,
Illinois,Livingston,17,9,,,,,
Illinois,Logan,13,9,,,,,
Illinois,Macon,65,12,,,27,,9
Illinois,Macoupin,24,11,,,,,
Illinois,Madison,137,10,,,27,,9
Illinois,Marion,25,13,,,,,
Illinois,Marshall,,,,,,,
Illinois,Mason,14,21,,,,,
Illinois,Massac,11,15,,,,,
Illinois,McDonough,10,7,,,,,
Illinois,McHenry,75,5,,,,,
Illinois,McLean,50,6,,,13,,5
Illinois,Menard,,,,,,,
Illinois,Mercer,,,,,,,
Illinois,Monroe,18,11,,,,,
Illinois,Montgomery,14,10,,,,,
Illinois,Morgan,,,,,,,
Illinois,Moultrie,,,,,,,
Illinois,Ogle,16,6,,,,,
Illinois,Peoria,116,13,,,36,,7
Illinois,Perry,12,11,,,,,
Illinois,Piatt,,,,,,,
Illinois,Pike,,,,,,,
Illinois,Pope,,,,,,,
Illinois,Pulaski,,,,,,,
Illinois,Putnam,,,,,,,
Illinois,Randolph,13,8,,,,,
Illinois,Richland,,,,,,,
Illinois,Rock Island,52,7,,,16,,7
Illinois,Saline,14,12,,,,,
Illinois,Sangamon,106,11,,,24,,9
Illinois,Schuyler,,,,,,,
Illinois,Scott,,,,,,,
Illinois,Shelby,12,11,,,,,
Illinois,St. Clair,269,21,,,44,,11
Illinois,Stark,,,,,,,
Illinois,Stephenson,14,6,,,,,
Illinois,Tazewell,53,8,,,,,
Illinois,Union,12,14,,,,,
Illinois,Vermilion,66,17,,,51,,11
Illinois,Wabash,,,,,,,
Illinois,Warren,,,,,,,
Illinois,Washington,13,18,,,,,
Illinois,Wayne,,,,,,,
Illinois,White,,,,,,,
Illinois,Whiteside,22,8,,,,,
Illinois,Will,237,7,,,19,3,6
Illinois,Williamson,56,17,,,,,
Illinois,Winnebago,179,13,,,36,9,9
Illinois,Woodford,19,10,,,,,
Indiana,Adams,10,6,,,,,
Indiana,Allen,275,15,,,51,14,9
Indiana,Bartholomew,42,10,,,,,
Indiana,Benton,,,,,,,
Indiana,Blackford,,,,,,,
Indiana,Boone,41,12,,,,,
Indiana,Brown,15,20,,,,,
Indiana,Carroll,12,12,,,,,
Indiana,Cass,28,15,,,,,
Indiana,Clark,79,14,,,20,,14
Indiana,Clay,16,12,,,,,
Indiana,Clinton,25,15,,,,,
Indiana,Crawford,,,,,,,
Indiana,Daviess,10,6,,,,,
Indiana,Dearborn,34,14,,,,,
Indiana,Decatur,11,8,,,,,
Indiana,DeKalb,20,9,,,,,
Indiana,Delaware,77,13,,,,,
Indiana,Dubois,24,11,,,,,
Indiana,Elkhart,113,11,,,41,,10
Indiana,Fayette,11,9,,,,,
Indiana,Floyd,51,13,,,,,
Indiana,Fountain,12,15,,,,,
Indiana,Franklin,17,15,,,,,
Indiana,Fulton,,,,,,,
Indiana,Gibson,29,17,,,,,
Indiana,Grant,50,15,,,37,,14
Indiana,Greene,21,13,,,,,
Indiana,Hamilton,114,7,,,,,
Indiana,Hancock,41,11,,,,,
Indiana,Harrison,32,16,,,,,
Indiana,Hendricks,85,10,,,,,
Indiana,Henry,38,16,,,,,
Indiana,Howard,52,13,,,,,
Indiana,Huntington,21,12,,,,,
Indiana,Jackson,32,15,,,,,
Indiana,Jasper,18,11,,,,,
Indiana,Jay,,,,,,,
Indiana,Jefferson,30,19,,,,,
Indiana,Jennings,25,18,,,,,
Indiana,Johnson,72,9,,,,,
Indiana,Knox,29,16,,,,,
Indiana,Kosciusko,36,9,,,,,
Indiana,LaGrange,12,6,,,,,
Indiana,Lake,520,21,,,47,12,14
Indiana,LaPorte,72,13,,,22,,13
Indiana,Lawrence,17,7,,,,,
Indiana,Madison,92,14,,,22,,14
Indiana,Marion,1125,24,,,47,10,16
Indiana,Marshall,25,11,,,,,
Indiana,Martin,,,,,,,
Indiana,Miami,15,8,,,,,
Indiana,Monroe,51,7,,,,,
Indiana,Montgomery,23,12,,,,,
Indiana,Morgan,46,13,,,,,
Indiana,Newton,,,,,,,
Indiana,Noble,28,12,,,,,
Indiana,Ohio,,,,,,,
Indiana,Orange,16,16,,,,,
Indiana,Owen,18,17,,,,,
Indiana,Parke,,,,,,,
Indiana,Perry,12,13,,,,,
Indiana,Pike,13,21,,,,,
Indiana,Porter,100,12,,,,,
Indiana,Posey,18,14,,,,,
Indiana,Pulaski,12,19,,,,,
Indiana,Putnam,21,11,,,,,
Indiana,Randolph,12,10,,,,,
Indiana,Ripley,15,11,,,,,
Indiana,Rush,10,12,,,,,
Indiana,Scott,17,14,,,,,
Indiana,Shelby,28,13,,,,,
Indiana,Spencer,11,11,,,,,
Indiana,St. Joseph,190,14,,,39,,11
Indiana,Starke,16,14,,,,,
Indiana,Steuben,16,9,,,,,
Indiana,Sullivan,14,13,,,,,
Indiana,Switzerland,,,,,,,
Indiana,Tippecanoe,92,10,,,34,,9
Indiana,Tipton,17,22,,,,,
Indiana,Union,,,,,,,
Indiana,Vanderburgh,153,17,,,36,,15
Indiana,Vermillion,,,,,,,
Indiana,Vigo,58,11,,,,,
Indiana,Wabash,11,7,,,,,
Indiana,Warren,,,,,,,
Indiana,Warrick,36,12,,,,,
Indiana,Washington,38,27,,,,,
Indiana,Wayne,62,19,,,,,
Indiana,Wells,11,8,,,,,
Indiana,White,11,9,,,,,
Indiana,Whitley,13,8,,,,,
Iowa,Adair,,,,,,,
Iowa,Adams,,,,,,,
Iowa,Allamakee,,,,,,,
Iowa,Appanoose,,,,,,,
Iowa,Audubon,,,,,,,
Iowa,Benton,14,11,,,,,
Iowa,Black Hawk,56,8,,,24,,7
Iowa,Boone,13,10,,,,,
Iowa,Bremer,11,9,,,,,
Iowa,Buchanan,10,9,,,,,
Iowa,Buena Vista,,,,,,,
Iowa,Butler,,,,,,,
Iowa,Calhoun,,,,,,,
Iowa,Carroll,,,,,,,
Iowa,Cass,,,,,,,
Iowa,Cedar,,,,,,,
Iowa,Cerro Gordo,22,10,,,,,
Iowa,Cherokee,,,,,,,
Iowa,Chickasaw,,,,,,,
Iowa,Clarke,,,,,,,
Iowa,Clay,10,12,,,,,
Iowa,Clayton,10,11,,,,,
Iowa,Clinton,19,8,,,,,
Iowa,Crawford,,,,,,,
Iowa,Dallas,30,7,,,,,
Iowa,Davis,,,,,,,
Iowa,Decatur,,,,,,,
Iowa,Delaware,,,,,,,
Iowa,Des Moines,33,17,,,,,
Iowa,Dickinson,,,,,,,
Iowa,Dubuque,31,6,,,,,
Iowa,Emmet,,,,,,,
Iowa,Fayette,,,,,,,
Iowa,Floyd,,,,,,,
Iowa,Franklin,,,,,,,
Iowa,Fremont,,,,,,,
Iowa,Greene,,,,,,,
Iowa,Grundy,,,,,,,
Iowa,Guthrie,,,,,,,
Iowa,Hamilton,,,,,,,
Iowa,Hancock,,,,,,,
Iowa,Hardin,,,,,,,
Iowa,Harrison,,,,,,,
Iowa,Henry,,,,,,,
Iowa,Howard,,,,,,,
Iowa,Humboldt,,,,,,,
Iowa,Ida,,,,,,,
Iowa,Iowa,,,,,,,
Iowa,Jackson,10,10,,,,,
Iowa,Jasper,19,10,,,,,
Iowa,Jefferson,14,15,,,,,
Iowa,Johnson,34,5,,,,,
Iowa,Jones,,,,,,,
Iowa,Keokuk,,,,,,,
Iowa,Kossuth,,,,,,,
Iowa,Lee,21,12,,,,,
Iowa,Linn,103,9,,,24,,9
Iowa,Louisa,,,,,,,
Iowa,Lucas,,,,,,,
Iowa,Lyon,,,,,,,
Iowa,Madison,,,,,,,
Iowa,Mahaska,,,,,,,
Iowa,Marion,20,12,,,,,
Iowa,Marshall,14,7,,,,,
Iowa,Mills,,,,,,,
Iowa,Mitchell,,,,,,,
Iowa,Monona,,,,,,,
Iowa,Monroe,10,26,,,,,
Iowa,Montgomery,,,,,,,
Iowa,Muscatine,16,7,,,,,
Iowa,O'Brien,,,,,,,
Iowa,Osceola,,,,,,,
Iowa,Page,,,,,,,
Iowa,Palo Alto,,,,,,,
Iowa,Plymouth,,,,,,,
Iowa,Pocahontas,,,,,,,
Iowa,Polk,237,10,,,26,6,9
Iowa,Pottawattamie,51,11,,,,,
Iowa,Poweshiek,,,,,,,
Iowa,Ringgold,,,,,,,
Iowa,Sac,,,,,,,
Iowa,Scott,84,10,,,22,,9
Iowa,Shelby,,,,,,,
Iowa,Sioux,,,,,,,
Iowa,Story,22,5,,,,,
Iowa,Tama,,,,,,,
Iowa,Taylor,,,,,,,
Iowa,Union,10,16,,,,,
Iowa,Van Buren,,,,,,,
Iowa,Wapello,23,13,,,,,
Iowa,Warren,19,8,,,,,
Iowa,Washington,15,14,,,,,
Iowa,Wayne,,,,,,,
Iowa,Webster,23,13,,,,,
Iowa,Winnebago,,,,,,,
Iowa,Winneshiek,10,10,,,,,
Iowa,Woodbury,35,7,,,,,
Iowa,Worth,,,,,,,
Iowa,Wright,,,,,,,
Kansas,Allen,11,18,,,,,
Kansas,Anderson,,,,,,,
Kansas,Atchison,,,,,,,
Kansas,Barber,,,,,,,
Kansas,Barton,22,17,,,,,
Kansas,Bourbon,,,,,,,
Kansas,Brown,,,,,,,
Kansas,Butler,46,14,,,,,
Kansas,Chase,,,,,,,
Kansas,Chautauqua,,,,,,,
Kansas,Cherokee,15,15,,,,,
Kansas,Cheyenne,,,,,,,
Kansas,Clark,,,,,,,
Kansas,Clay,,,,,,,
Kansas,Cloud,,,,,,,
Kansas,Coffey,,,,,,,
Kansas,Comanche,,,,,,,
Kansas,Cowley,25,14,,,,,
Kansas,Crawford,18,9,,,,,
Kansas,Decatur,,,,,,,
Kansas,Dickinson,,,,,,,
Kansas,Doniphan,,,,,,,
Kansas,Douglas,50,8,,,,,
Kansas,Edwards,,,,,,,
Kansas,Elk,,,,,,,
Kansas,Ellis,17,12,,,,,
Kansas,Ellsworth,,,,,,,
Kansas,Finney,21,11,,,,,
Kansas,Ford,19,11,,,,,
Kansas,Franklin,,,,,,,
Kansas,Geary,31,18,,,,,
Kansas,Gove,,,,,,,
Kansas,Graham,,,,,,,
Kansas,Grant,,,,,,,
Kansas,Gray,,,,,,,
Kansas,Greeley,,,,,,,
Kansas,Greenwood,,,,,,,
Kansas,Hamilton,,,,,,,
Kansas,Harper,,,,,,,
Kansas,Harvey,20,12,,,,,
Kansas,Haskell,,,,,,,
Kansas,Hodgeman,,,,,,,
Kansas,Jackson,,,,,,,
Kansas,Jefferson,22,23,,,,,
Kansas,Jewell,,,,,,,
Kansas,Johnson,267,9,,,16,5,9
Kansas,Kearny,,,,,,,
Kansas,Kingman,,,,,,,
Kansas,Kiowa,,,,,,,
Kansas,Labette,20,20,,,,,
Kansas,Lane,,,,,,,
Kansas,Leavenworth,52,13,,,,,
Kansas,Lincoln,,,,,,,
Kansas,Linn,,,,,,,
Kansas,Logan,,,,,,,
Kansas,Lyon,19,11,,,,,
Kansas,Marion,,,,,,,
Kansas,Marshall,,,,,,,
Kansas,McPherson,14,10,,,,,
Kansas,Meade,,,,,,,
Kansas,Miami,28,17,,,,,
Kansas,Mitchell,,,,,,,
Kansas,Montgomery,31,19,,,,,
Kansas,Morris,,,,,,,
Kansas,Morton,,,,,,,
Kansas,Nemaha,,,,,,,
Kansas,Neosho,,,,,,,
Kansas,Ness,,,,,,,
Kansas,Norton,,,,,,,
Kansas,Osage,,,,,,,
Kansas,Osborne,,,,,,,
Kansas,Ottawa,,,,,,,
Kansas,Pawnee,,,,,,,
Kansas,Phillips,,,,,,,
Kansas,Pottawatomie,17,14,,,,,
Kansas,Pratt,,,,,,,
Kansas,Rawlins,,,,,,,
Kansas,Reno,43,14,,,,,
Kansas,Republic,,,,,,,
Kansas,Rice,11,23,,,,,
Kansas,Riley,31,8,,,,,
Kansas,Rooks,,,,,,,
Kansas,Rush,,,,,,,
Kansas,Russell,,,,,,,
Kansas,Saline,39,14,,,,,
Kansas,Scott,,,,,,,
Kansas,Sedgwick,398,16,,8,28,14,14
Kansas,Seward,,,,,,,
Kansas,Shawnee,172,19,,,52,15,15
Kansas,Sheridan,,,,,,,
Kansas,Sherman,,,,,,,
Kansas,Smith,,,,,,,
Kansas,Stafford,10,48,,,,,
Kansas,Stanton,,,,,,,
Kansas,Stevens,,,,,,,
Kansas,Sumner,17,15,,,,,
Kansas,Thomas,,,,,,,
Kansas,Trego,,,,,,,
Kansas,Wabaunsee,,,,,,,
Kansas,Wallace,,,,,,,
Kansas,Washington,,,,,,,
Kansas,Wichita,,,,,,,
Kansas,Wilson,13,30,,,,,
Kansas,Woodson,,,,,,,
Kansas,Wyandotte,220,27,,,53,18,20
Kentucky,Adair,13,14,,,,,
Kentucky,Allen,23,22,,,,,
Kentucky,Anderson,10,9,,,,,
Kentucky,Ballard,11,27,,,,,
Kentucky,Barren,40,18,,,,,
Kentucky,Bath,15,24,,,,,
Kentucky,Bell,26,19,,,,,
Kentucky,Boone,61,9,,,,,
Kentucky,Bourbon,11,11,,,,,
Kentucky,Boyd,38,16,,,,,
Kentucky,Boyle,23,15,,,,,
Kentucky,Bracken,,,,,,,
Kentucky,Breathitt,19,29,,,,,
Kentucky,Breckinridge,17,17,,,,,
Kentucky,Bullitt,66,16,,,,,
Kentucky,Butler,10,16,,,,,
Kentucky,Caldwell,10,16,,,,,
Kentucky,Calloway,35,18,,,,,
Kentucky,Campbell,39,8,,,,,
Kentucky,Carlisle,,,,,,,
Kentucky,Carroll,,,,,,,
Kentucky,Carter,17,13,,,,,
Kentucky,Casey,18,23,,,,,
Kentucky,Christian,69,19,,,24,,20
Kentucky,Clark,22,12,,,,,
Kentucky,Clay,23,23,,,,,
Kentucky,Clinton,,,,,,,
Kentucky,Crittenden,,,,,,,
Kentucky,Cumberland,,,,,,,
Kentucky,Daviess,76,15,,,,,
Kentucky,Edmonson,,,,,,,
Kentucky,Elliott,,,,,,,
Kentucky,Estill,19,27,,,,,
Kentucky,Fayette,205,13,,,29,9,10
Kentucky,Fleming,,,,,,,
Kentucky,Floyd,35,19,,,,,
Kentucky,Franklin,39,15,,,,,
Kentucky,Fulton,,,,,,,
Kentucky,Gallatin,,,,,,,
Kentucky,Garrard,15,17,,,,,
Kentucky,Grant,16,13,,,,,
Kentucky,Graves,36,19,,,,,
Kentucky,Grayson,37,28,,,,,
Kentucky,Green,,,,,,,
Kentucky,Greenup,31,17,,,,,
Kentucky,Hancock,10,23,,,,,
Kentucky,Hardin,75,14,,,17,,14
Kentucky,Harlan,24,18,,,,,
Kentucky,Harrison,12,13,,,,,
Kentucky,Hart,14,15,,,,,
Kentucky,Henderson,42,18,,,,,
Kentucky,Henry,10,13,,,,,
Kentucky,Hickman,,,,,,,
Kentucky,Hopkins,46,20,,,,,
Kentucky,Jackson,18,27,,,,,
Kentucky,Jefferson,795,21,,,42,9,15
Kentucky,Jessamine,36,14,,,,,
Kentucky,Johnson,24,21,,,,,
Kentucky,Kenton,98,12,,,27,,11
Kentucky,Knott,20,26,,,,,
Kentucky,Knox,24,15,,,,,
Kentucky,Larue,10,14,,,,,
Kentucky,Laurel,60,20,,,,,
Kentucky,Lawrence,13,17,,,,,
Kentucky,Lee,10,29,,,,,
Kentucky,Leslie,18,35,,,,,
Kentucky,Letcher,25,22,,,,,
Kentucky,Lewis,14,21,,,,,
Kentucky,Lincoln,19,16,,,,,
Kentucky,Livingston,11,24,,,,,
Kentucky,Logan,15,11,,,,,
Kentucky,Lyon,,,,,,,
Kentucky,Madison,58,13,,,,,
Kentucky,Magoffin,,,,,,,
Kentucky,Marion,15,16,,,,,
Kentucky,Marshall,24,15,,,,,
Kentucky,Martin,,,,,,,
Kentucky,Mason,,,,,,,
Kentucky,McCracken,39,12,,,,,
Kentucky,McCreary,13,15,,,,,
Kentucky,McLean,,,,,,,
Kentucky,Meade,18,13,,,,,
Kentucky,Menifee,,,,,,,
Kentucky,Mercer,14,13,,,,,
Kentucky,Metcalfe,14,28,,,,,
Kentucky,Monroe,,,,,,,
Kentucky,Montgomery,19,14,,,,,
Kentucky,Morgan,,,,,,,
Kentucky,Muhlenberg,31,20,,,,,
Kentucky,Nelson,39,17,,,,,
Kentucky,Nicholas,,,,,,,
Kentucky,Ohio,15,12,,,,,
Kentucky,Oldham,25,8,,,,,
Kentucky,Owen,10,19,,,,,
Kentucky,Owsley,11,49,,,,,
Kentucky,Pendleton,13,18,,,,,
Kentucky,Perry,25,19,,,,,
Kentucky,Pike,56,19,,,,,
Kentucky,Powell,,,,,,,
Kentucky,Pulaski,57,18,,,,,
Kentucky,Robertson,,,,,,,
Kentucky,Rockcastle,16,19,,,,,
Kentucky,Rowan,18,15,,,,,
Kentucky,Russell,21,24,,,,,
Kentucky,Scott,38,14,,,,,
Kentucky,Shelby,36,15,,,,,
Kentucky,Simpson,10,11,,,,,
Kentucky,Spencer,15,16,,,,,
Kentucky,Taylor,17,13,,,,,
Kentucky,Todd,11,18,,,,,
Kentucky,Trigg,11,15,,,,,
Kentucky,Trimble,12,28,,,,,
Kentucky,Union,21,29,,,,,
Kentucky,Warren,83,13,,,,,
Kentucky,Washington,,,,,,,
Kentucky,Wayne,25,24,,,,,
Kentucky,Webster,,,,,,,
Kentucky,Whitley,49,27,,,,,
Kentucky,Wolfe,11,31,,,,,
Kentucky,Woodford,22,17,,,,,
Louisiana,Acadia,65,21,,,52,,14
Louisiana,Allen,22,17,,,,,
Louisiana,Ascension,79,13,,,16,,13
Louisiana,Assumption,18,16,,,,,
Louisiana,Avoyelles,47,23,,,,,
Louisiana,Beauregard,28,15,,,,,
Louisiana,Bienville,,,,,,,
Louisiana,Bossier,86,14,,,15,,14
Louisiana,Caddo,336,27,,,34,,22
Louisiana,Calcasieu,175,17,,,18,,18
Louisiana,Caldwell,,,,,,,
Louisiana,Cameron,,,,,,,
Louisiana,Catahoula,,,,,,,
Louisiana,Claiborne,19,24,,,,,
Louisiana,Concordia,28,28,,,33,,26
Louisiana,De Soto,30,22,,,,,
Louisiana,East Baton Rouge,603,27,,,41,18,16
Louisiana,East Carroll,,,,,,,
Louisiana,East Feliciana,25,26,,,31,,23
Louisiana,Evangeline,41,24,,,28,,25
Louisiana,Franklin,18,18,,,,,
Louisiana,Grant,17,15,,,,,
Louisiana,Iberia,68,19,,,29,,15
Louisiana,Iberville,19,12,,,,,
Louisiana,Jackson,18,23,,,,,
Louisiana,Jefferson,417,19,,,35,7,16
Louisiana,Jefferson Davis,37,24,,,48,,19
Louisiana,La Salle,12,16,,,,,
Louisiana,Lafayette,225,19,,,28,,16
Louisiana,Lafourche,93,19,,,26,,18
Louisiana,Lincoln,33,14,,,10,,18
Louisiana,Livingston,124,18,,,26,,17
Louisiana,Madison,16,28,,,,,
Louisiana,Morehouse,33,26,,,29,,23
Louisiana,Natchitoches,52,27,,,32,,25
Louisiana,Orleans,730,37,,,52,13,16
Louisiana,Ouachita,156,20,,,25,,18
Louisiana,Plaquemines,15,13,,,,,
Louisiana,Pointe Coupee,23,21,,,33,,15
Louisiana,Rapides,139,21,,,30,,18
Louisiana,Red River,,,,,,,
Louisiana,Richland,15,15,,,,,
Louisiana,Sabine,29,24,,,,,
Louisiana,St. Bernard,31,13,,,30,,10
Louisiana,St. Charles,33,12,,,,,
Louisiana,St. Helena,15,29,,,,,
Louisiana,St. James,20,19,,,,,
Louisiana,St. John the Baptist,58,27,,,37,,17
Louisiana,St. Landry,105,25,,,22,,27
Louisiana,St. Martin,57,21,,,22,,22
Louisiana,St. Mary,45,18,,,19,,19
Louisiana,St. Tammany,192,15,,,11,,17
Louisiana,Tangipahoa,123,19,,,24,,17
Louisiana,Tensas,,,,,,,
Louisiana,Terrebonne,98,17,,,34,,14
Louisiana,Union,17,15,,,,,
Louisiana,Vermilion,45,15,,,34,,13
Louisiana,Vernon,45,18,,,,,
Louisiana,Washington,36,16,,,,,
Louisiana,Webster,40,20,,,15,,24
Louisiana,West Baton Rouge,22,17,,,19,,16
Louisiana,West Carroll,10,18,,,,,
Louisiana,West Feliciana,12,16,,,,,
Louisiana,Winn,11,15,,,,,
Maine,Androscoggin,53,10,,,,,
Maine,Aroostook,50,15,,,,,
Maine,Cumberland,101,7,,,,,
Maine,Franklin,26,17,,,,,
Maine,Hancock,29,11,,,,,
Maine,Kennebec,72,12,,,,,
Maine,Knox,24,12,,,,,
Maine,Lincoln,21,12,,,,,
Maine,Oxford,38,13,,,,,
Maine,Penobscot,99,13,,,,,
Maine,Piscataquis,14,17,,,,,
Maine,Sagadahoc,28,16,,,,,
Maine,Somerset,54,21,,,,,
Maine,Waldo,28,14,,,,,
Maine,Washington,24,15,,,,,
Maine,York,100,10,,,,,
Maryland,Allegany,43,12,,,,,
Maryland,Anne Arundel,229,8,,,13,4,8
Maryland,Baltimore,520,13,,,23,5,9
Maryland,Baltimore City,1325,44,,,64,7,9
Maryland,Calvert,37,8,,,,,
Maryland,Caroline,23,14,,,,,
Maryland,Carroll,51,6,,,,,
Maryland,Cecil,60,12,,,,,
Maryland,Charles,95,12,,,12,,14
Maryland,Dorchester,24,15,,,,,
Maryland,Frederick,90,7,,,,,
Maryland,Garrett,19,13,,,,,
Maryland,Harford,119,9,,,16,,9
Maryland,Howard,71,4,,,8,,5
Maryland,Kent,,,,,,,
Maryland,Montgomery,177,3,,1,4,2,5
Maryland,Prince George's,480,11,,,14,4,7
Maryland,Queen Anne's,26,10,,,,,
Maryland,Somerset,,,,,,,
Maryland,St. Mary's,44,8,,,,,
Maryland,Talbot,13,7,,,,,
Maryland,Washington,84,11,,,15,,11
Maryland,Wicomico,53,10,,,16,,8
Maryland,Worcester,23,9,,,,,
Massachusetts,Barnstable,38,4,,,,,
Massachusetts,Berkshire,41,6,,,,,
Massachusetts,Bristol,118,4,,,9,4,4
Massachusetts,Dukes,,,,,,,
Massachusetts,Essex,127,3,,,,4,3
Massachusetts,Franklin,16,5,,,,,
Massachusetts,Hampden,164,7,,,16,9,5
Massachusetts,Hampshire,34,4,,,,,
Massachusetts,Middlesex,137,2,,,,,
Massachusetts,Nantucket,,,,,,,
Massachusetts,Norfolk,69,2,,,7,,2
Massachusetts,Plymouth,90,3,,,4,,3
Massachusetts,Suffolk,232,6,,,18,5,2
Massachusetts,Worcester,146,4,,,,4,4
Michigan,Alcona,13,25,,,,,
Michigan,Alger,,,,,,,
Michigan,Allegan,54,9,,,,,
Michigan,Alpena,17,12,,,,,
Michigan,Antrim,18,15,,,,,
Michigan,Arenac,15,20,,,,,
Michigan,Baraga,,,,,,,
Michigan,Barry,40,13,,,,,
Michigan,Bay,56,11,,,,,
Michigan,Benzie,,,,,,,
Michigan,Berrien,107,14,,,22,,13
Michigan,Branch,22,10,,,,,
Michigan,Calhoun,102,15,,,21,,15
Michigan,Cass,38,15,,,,,
Michigan,Charlevoix,13,10,,,,,
Michigan,Cheboygan,,,,,,,
Michigan,Chippewa,15,8,,,,,
Michigan,Clare,28,18,,,,,
Michigan,Clinton,40,10,,,,,
Michigan,Crawford,11,16,,,,,
Michigan,Delta,22,12,,,,,
Michigan,Dickinson,13,10,,,,,
Michigan,Eaton,63,12,,,,,
Michigan,Emmet,22,13,,,,,
Michigan,Genesee,364,18,,,43,,11
Michigan,Gladwin,21,17,,,,,
Michigan,Gogebic,,,,,,,
Michigan,Grand Traverse,38,8,,,,,
Michigan,Gratiot,10,5,,,,,
Michigan,Hillsdale,28,12,,,,,
Michigan,Houghton,18,10,,,,,
Michigan,Huron,19,12,,,,,
Michigan,Ingham,144,10,,,22,,9
Michigan,Ionia,26,8,,,,,
Michigan,Iosco,19,15,,,,,
Michigan,Iron,,,,,,,
Michigan,Isabella,24,7,,,,,
Michigan,Jackson,107,13,,,32,,12
Michigan,Kalamazoo,126,10,,,14,,9
Michigan,Kalkaska,,,,,,,
Michigan,Kent,219,7,,,14,6,6
Michigan,Keweenaw,,,,,,,
Michigan,Lake,,,,,,,
Michigan,Lapeer,61,14,,,,,
Michigan,Leelanau,,,,,,,
Michigan,Lenawee,46,9,,,,,
Michigan,Livingston,78,8,,,,,
Michigan,Luce,,,,,,,
Michigan,Mackinac,,,,,,,
Michigan,Macomb,456,10,,,23,,9
Michigan,Manistee,21,17,,,,,
Michigan,Marquette,51,15,,,,,
Michigan,Mason,13,9,,,,,
Michigan,Mecosta,22,10,,,,,
Michigan,Menominee,18,16,,,,,
Michigan,Midland,34,8,,,,,
Michigan,Missaukee,,,,,,,
Michigan,Monroe,67,9,,,,,
Michigan,Montcalm,36,11,,,,,
Michigan,Montmorency,10,22,,,,,
Michigan,Muskegon,120,14,,,31,,11
Michigan,Newaygo,37,15,,,,,
Michigan,Oakland,510,8,,,15,6,8
Michigan,Oceana,11,8,,,,,
Michigan,Ogemaw,18,17,,,,,
Michigan,Ontonagon,,,,,,,
Michigan,Osceola,18,15,,,,,
Michigan,Oscoda,,,,,,,
Michigan,Otsego,14,11,,,,,
Michigan,Ottawa,69,5,,,,,
Michigan,Presque Isle,11,17,,,,,
Michigan,Roscommon,18,15,,,,,
Michigan,Saginaw,147,15,,,33,17,10
Michigan,Sanilac,21,10,,,,,
Michigan,Schoolcraft,,,,,,,
Michigan,Shiawassee,36,11,,,,,
Michigan,St. Clair,92,12,,,,,
Michigan,St. Joseph,38,12,,,,,
Michigan,Tuscola,30,11,,,,,
Michigan,Van Buren,42,11,,,,,
Michigan,Washtenaw,122,7,,,17,,6
Michigan,Wayne,1814,21,,,38,11,9
Michigan,Wexford,18,11,,,,,
Minnesota,Aitkin,10,13,,,,,
Minnesota,Anoka,132,8,,,11,,8
Minnesota,Becker,25,15,,,,,
Minnesota,Beltrami,32,14,31,,,,9
Minnesota,Benton,26,13,,,,,
Minnesota,Big Stone,,,,,,,
Minnesota,Blue Earth,26,8,,,,,
Minnesota,Brown,15,12,,,,,
Minnesota,Carlton,15,8,,,,,
Minnesota,Carver,31,6,,,,,
Minnesota,Cass,22,15,,,,,
Minnesota,Chippewa,,,,,,,
Minnesota,Chisago,19,7,,,,,
Minnesota,Clay,19,6,,,,,
Minnesota,Clearwater,,,,,,,
Minnesota,Cook,,,,,,,
Minnesota,Cottonwood,,,,,,,
Minnesota,Crow Wing,42,13,,,,,
Minnesota,Dakota,146,7,,,11,,7
Minnesota,Dodge,11,11,,,,,
Minnesota,Douglas,20,11,,,,,
Minnesota,Faribault,,,,,,,
Minnesota,Fillmore,11,10,,,,,
Minnesota,Freeborn,15,10,,,,,
Minnesota,Goodhue,23,10,,,,,
Minnesota,Grant,,,,,,,
Minnesota,Hennepin,428,7,,4,15,4,6
Minnesota,Houston,,,,,,,
Minnesota,Hubbard,11,10,,,,,
Minnesota,Isanti,17,9,,,,,
Minnesota,Itasca,27,12,,,,,
Minnesota,Jackson,,,,,,,
Minnesota,Kanabec,,,,,,,
Minnesota,Kandiyohi,12,6,,,,,
Minnesota,Kittson,,,,,,,
Minnesota,Koochiching,,,,,,,
Minnesota,Lac qui Parle,,,,,,,
Minnesota,Lake,10,19,,,,,
Minnesota,Lake of the Woods,,,,,,,
Minnesota,Le Sueur,,,,,,,
Minnesota,Lincoln,,,,,,,
Minnesota,Lyon,15,12,,,,,
Minnesota,Mahnomen,,,,,,,
Minnesota,Marshall,,,,,,,
Minnesota,Martin,,,,,,,
Minnesota,McLeod,12,7,,,,,
Minnesota,Meeker,11,10,,,,,
Minnesota,Mille Lacs,21,16,,,,,
Minnesota,Morrison,13,8,,,,,
Minnesota,Mower,10,5,,,,,
Minnesota,Murray,,,,,,,
Minnesota,Nicollet,13,8,,,,,
Minnesota,Nobles,,,,,,,
Minnesota,Norman,,,,,,,
Minnesota,Olmsted,46,6,,,,,
Minnesota,Otter Tail,45,15,,,,,
Minnesota,Pennington,10,14,,,,,
Minnesota,Pine,19,13,,,,,
Minnesota,Pipestone,,,,,,,
Minnesota,Polk,17,11,,,,,
Minnesota,Pope,,,,,,,
Minnesota,Ramsey,230,8,,4,20,8,7
Minnesota,Red Lake,,,,,,,
Minnesota,Redwood,,,,,,,
Minnesota,Renville,,,,,,,
Minnesota,Rice,19,6,,,,,
Minnesota,Rock,,,,,,,
Minnesota,Roseau,12,16,,,,,
Minnesota,Scott,37,5,,,,,
Minnesota,Sherburne,29,6,,,,,
Minnesota,Sibley,,,,,,,
Minnesota,St. Louis,110,11,,,,,
Minnesota,Stearns,58,7,,,,,
Minnesota,Steele,,,,,,,
Minnesota,Stevens,,,,,,,
Minnesota,Swift,,,,,,,
Minnesota,Todd,13,11,,,,,
Minnesota,Traverse,,,,,,,
Minnesota,Wabasha,,,,,,,
Minnesota,Wadena,13,19,,,,,
Minnesota,Waseca,,,,,,,
Minnesota,Washington,74,6,,,,,
Minnesota,Watonwan,,,,,,,
Minnesota,Wilkin,,,,,,,
Minnesota,Winona,19,7,,,,,
Minnesota,Wright,44,7,,,,,
Minnesota,Yellow Medicine,,,,,,,
Mississippi,Adams,48,31,,,40,,26
Mississippi,Alcorn,47,25,,,64,,19
Mississippi,Amite,,,,,,,
Mississippi,Attala,20,22,,,,,
Mississippi,Benton,,,,,,,
Mississippi,Bolivar,37,23,,,23,,23
Mississippi,Calhoun,,,,,,,
Mississippi,Carroll,13,26,,,,,
Mississippi,Chickasaw,15,17,,,,,
Mississippi,Choctaw,13,31,,,,,
Mississippi,Claiborne,11,24,,,,,
Mississippi,Clarke,16,20,,,,,
Mississippi,Clay,13,13,,,,,
Mississippi,Coahoma,42,36,,,35,,44
Mississippi,Copiah,31,22,,,19,,27
Mississippi,Covington,21,22,,,,,
Mississippi,DeSoto,161,18,,,19,,18
Mississippi,Forrest,79,21,,,20,,23
Mississippi,Franklin,11,28,,,,,
Mississippi,George,19,16,,,,,
Mississippi,Greene,,,,,,,
Mississippi,Grenada,35,33,,,37,,31
Mississippi,Hancock,49,21,,,,,
Mississippi,Harrison,187,18,,,19,,20
Mississippi,Hinds,392,33,,,36,,24
Mississippi,Holmes,35,39,,,,,
Mississippi,Humphreys,10,24,,,,,
Mississippi,Issaquena,,,,,,,
Mississippi,Itawamba,21,18,,,,,
Mississippi,Jackson,114,16,,,19,,16
Mississippi,Jasper,14,17,,,,,
Mississippi,Jefferson,10,28,,,,,
Mississippi,Jefferson Davis,18,32,,,,,
Mississippi,Jones,52,15,,,12,,17
Mississippi,Kemper,,,,,,,
Mississippi,Lafayette,29,11,,,,,
Mississippi,Lamar,53,17,,,20,,17
Mississippi,Lauderdale,91,24,,,33,,17
Mississippi,Lawrence,17,27,,,,,
Mississippi,Leake,30,26,,,,,
Mississippi,Lee,77,18,,,26,,15
Mississippi,Leflore,55,37,,,,,
Mississippi,Lincoln,55,32,,,62,,19
Mississippi,Lowndes,55,19,,,23,,16
Mississippi,Madison,87,17,,,16,,17
Mississippi,Marion,31,25,,,25,,24
Mississippi,Marshall,43,24,,,20,,29
Mississippi,Monroe,34,19,,,,,
Mississippi,Montgomery,18,36,,,,,
Mississippi,Neshoba,35,24,,,,,
Mississippi,Newton,17,16,,,,,
Mississippi,Noxubee,15,28,,,,,
Mississippi,Oktibbeha,23,9,,,11,,9
Mississippi,Panola,46,27,,,28,,27
Mississippi,Pearl River,49,18,,,,,
Mississippi,Perry,,,,,,,
Mississippi,Pike,53,27,,,30,,23
Mississippi,Pontotoc,22,14,,,,,
Mississippi,Prentiss,19,15,,,,,
Mississippi,Quitman,,,,,,,
Mississippi,Rankin,122,16,,,11,,18
Mississippi,Scott,32,23,,,24,,26
Mississippi,Sharkey,,,,,,,
Mississippi,Simpson,27,20,,,,,
Mississippi,Smith,23,29,,,,,
Mississippi,Stone,13,14,,,,,
Mississippi,Sunflower,36,28,,,,,
Mississippi,Tallahatchie,15,21,,,,,
Mississippi,Tate,23,16,,,,,
Mississippi,Tippah,27,24,,,,,
Mississippi,Tishomingo,27,28,,,,,
Mississippi,Tunica,12,24,,,,,
Mississippi,Union,20,14,,,,,
Mississippi,Walthall,11,15,,,,,
Mississippi,Warren,48,21,,,24,,19
Mississippi,Washington,97,42,,,47,,31
Mississippi,Wayne,26,25,,,,,
Mississippi,Webster,13,27,,,,,
Mississippi,Wilkinson,20,45,,,,,
Mississippi,Winston,17,19,,,,,
Mississippi,Yalobusha,,,,,,,
Mississippi,Yazoo,37,26,,,33,,22
Missouri,Adair,16,13,,,,,
Missouri,Andrew,12,14,,,,,
Missouri,Atchison,,,,,,,
Missouri,Audrain,19,15,,,,,
Missouri,Barry,27,15,,,,,
Missouri,Barton,,,,,,,
Missouri,Bates,,,,,,,
Missouri,Benton,29,30,,,,,
Missouri,Bollinger,11,18,,,,,
Missouri,Boone,108,12,,,39,,10
Missouri,Buchanan,65,15,,,,,
Missouri,Butler,41,19,,,,,
Missouri,Caldwell,,,,,,,
Missouri,Callaway,31,14,,,,,
Missouri,Camden,36,16,,,,,
Missouri,Cape Girardeau,66,17,,,51,,14
Missouri,Carroll,,,,,,,
Missouri,Carter,10,33,,,,,
Missouri,Cass,107,21,,,,,
Missouri,Cedar,12,17,,,,,
Missouri,Chariton,,,,,,,
Missouri,Christian,69,16,,,,,
Missouri,Clark,,,,,,,
Missouri,Clay,192,16,,,23,14,15
Missouri,Clinton,18,18,,,,,
Missouri,Cole,65,17,,,33,,14
Missouri,Cooper,,,,,,,
Missouri,Crawford,26,22,,,,,
Missouri,Dade,,,,,,,
Missouri,Dallas,17,20,,,,,
Missouri,Daviess,10,24,,,,,
Missouri,DeKalb,10,16,,,,,
Missouri,Dent,10,13,,,,,
Missouri,Douglas,21,32,,,,,
Missouri,Dunklin,32,21,,,,,
Missouri,Franklin,89,17,,,,,
Missouri,Gasconade,14,19,,,,,
Missouri,Gentry,,,,,,,
Missouri,Greene,221,15,,,20,,15
Missouri,Grundy,10,20,,,,,
Missouri,Harrison,,,,,,,
Missouri,Henry,25,23,,,,,
Missouri,Hickory,11,23,,,,,
Missouri,Holt,,,,,,,
Missouri,Howard,12,24,,,,,
Missouri,Howell,45,22,,,,,
Missouri,Iron,10,20,,,,,
Missouri,Jackson,1038,30,,,65,19,19
Missouri,Jasper,102,17,,,,,
Missouri,Jefferson,203,18,,,,,
Missouri,Johnson,33,12,,,,,
Missouri,Knox,,,,,,,
Missouri,Laclede,31,17,,,,,
Missouri,Lafayette,22,13,,,,,
Missouri,Lawrence,36,19,,,,,
Missouri,Lewis,,,,,,,
Missouri,Lincoln,48,17,,,,,
Missouri,Linn,15,25,,,,,
Missouri,Livingston,12,16,,,,,
Missouri,Macon,15,20,,,,,
Missouri,Madison,,,,,,,
Missouri,Maries,,,,,,,
Missouri,Marion,24,17,,,,,
Missouri,McDonald,16,14,,,,,
Missouri,Mercer,,,,,,,
Missouri,Miller,19,15,,,,,
Missouri,Mississippi,17,25,,,,,
Missouri,Moniteau,,,,,,,
Missouri,Monroe,,,,,,,
Missouri,Montgomery,13,22,,,,,
Missouri,Morgan,12,12,,,,,
Missouri,New Madrid,22,25,,,,,
Missouri,Newton,44,15,,,,,
Missouri,Nodaway,10,9,,,,,
Missouri,Oregon,13,24,,,,,
Missouri,Osage,16,23,,,,,
Missouri,Ozark,,,,,,,
Missouri,Pemiscot,25,30,,,,,
Missouri,Perry,12,13,,,,,
Missouri,Pettis,22,10,,,,,
Missouri,Phelps,32,14,,,,,
Missouri,Pike,16,17,,,,,
Missouri,Platte,72,14,,,,,
Missouri,Polk,21,13,,,,,
Missouri,Pulaski,40,15,,,,,
Missouri,Putnam,,,,,,,
Missouri,Ralls,,,,,,,
Missouri,Randolph,26,21,,,,,
Missouri,Ray,17,15,,,,,
Missouri,Reynolds,11,35,,,,,
Missouri,Ripley,18,27,,,,,
Missouri,Saline,16,14,,,,,
Missouri,Schuyler,,,,,,,
Missouri,Scotland,,,,,,,
Missouri,Scott,38,20,,,42,,17
Missouri,Shannon,,,,,,,
Missouri,Shelby,,,,,,,
Missouri,St. Charles,209,11,,,17,,10
Missouri,St. Clair,10,21,,,,,
Missouri,St. Francois,53,16,,,,,
Missouri,St. Louis,1030,21,,,51,11,11
Missouri,St. Louis City,762,50,,,86,,18
Missouri,Ste. Genevieve,12,13,,,,,
Missouri,Stoddard,24,16,,,,,
Missouri,Stone,42,27,,,,,
Missouri,Sullivan,,,,,,,
Missouri,Taney,47,17,,,,,
Missouri,Texas,26,20,,,,,
Missouri,Vernon,16,16,,,,,
Missouri,Warren,26,15,,,,,
Missouri,Washington,21,17,,,,,
Missouri,Wayne,19,29,,,,,
Missouri,Webster,37,19,,,,,
Missouri,Worth,,,,,,,
Missouri,Wright,16,17,,,,,
Montana,Beaverhead,10,21,,,,,
Montana,Big Horn,18,27,,,,,
Montana,Blaine,,,,,,,
Montana,Broadwater,,,,,,,
Montana,Carbon,14,26,,,,,
Montana,Carter,,,,,,,
Montana,Cascade,76,19,,,,,
Montana,Chouteau,,,,,,,
Montana,Custer,,,,,,,
Montana,Daniels,,,,,,,
Montana,Dawson,,,,,,,
Montana,Deer Lodge,19,42,,,,,
Montana,Fallon,,,,,,,
Montana,Fergus,12,21,,,,,
Montana,Flathead,91,18,,,,,
Montana,Gallatin,82,15,,,,,
Montana,Garfield,,,,,,,
Montana,Glacier,14,20,,,,,
Montana,Golden Valley,,,,,,,
Montana,Granite,,,,,,,
Montana,Hill,,,,,,,
Montana,Jefferson,13,22,,,,,
Montana,Judith Basin,,,,,,,
Montana,Lake,38,25,26,,,,24
Montana,Lewis and Clark,64,19,,,,,
Montana,Liberty,,,,,,,
Montana,Lincoln,27,28,,,,,
Montana,Madison,,,,,,,
Montana,McCone,,,,,,,
Montana,Meagher,,,,,,,
Montana,Mineral,,,,,,,
Montana,Missoula,106,18,,,,,
Montana,Musselshell,,,,,,,
Montana,Park,21,26,,,,,
Montana,Petroleum,,,,,,,
Montana,Phillips,10,49,,,,,
Montana,Pondera,,,,,,,
Montana,Powder River,,,,,,,
Montana,Powell,,,,,,,
Montana,Prairie,,,,,,,
Montana,Ravalli,55,26,,,,,
Montana,Richland,13,23,,,,,
Montana,Roosevelt,,,,,,,
Montana,Rosebud,11,24,,,,,
Montana,Sanders,13,22,,,,,
Montana,Sheridan,,,,,,,
Montana,Silver Bow,48,28,,,,,
Montana,Stillwater,,,,,,,
Montana,Sweet Grass,,,,,,,
Montana,Teton,,,,,,,
Montana,Toole,,,,,,,
Montana,Treasure,,,,,,,
Montana,Valley,,,,,,,
Montana,Wheatland,,,,,,,
Montana,Wibaux,,,,,,,
Montana,Yellowstone,145,18,,,,,
Nebraska,Adams,,,,,,,
Nebraska,Antelope,,,,,,,
Nebraska,Arthur,,,,,,,
Nebraska,Banner,,,,,,,
Nebraska,Blaine,,,,,,,
Nebraska,Boone,,,,,,,
Nebraska,Box Butte,,,,,,,
Nebraska,Boyd,,,,,,,
Nebraska,Brown,,,,,,,
Nebraska,Buffalo,21,8,,,,,
Nebraska,Burt,,,,,,,
Nebraska,Butler,,,,,,,
Nebraska,Cass,11,8,,,,,
Nebraska,Cedar,,,,,,,
Nebraska,Chase,,,,,,,
Nebraska,Cherry,,,,,,,
Nebraska,Cheyenne,11,23,,,,,
Nebraska,Clay,,,,,,,
Nebraska,Colfax,,,,,,,
Nebraska,Cuming,,,,,,,
Nebraska,Custer,11,20,,,,,
Nebraska,Dakota,,,,,,,
Nebraska,Dawes,,,,,,,
Nebraska,Dawson,11,9,,,,,
Nebraska,Deuel,,,,,,,
Nebraska,Dixon,,,,,,,
Nebraska,Dodge,17,9,,,,,
Nebraska,Douglas,310,11,,,29,5,10
Nebraska,Dundy,,,,,,,
Nebraska,Fillmore,,,,,,,
Nebraska,Franklin,,,,,,,
Nebraska,Frontier,,,,,,,
Nebraska,Furnas,,,,,,,
Nebraska,Gage,13,12,,,,,
Nebraska,Garden,,,,,,,
Nebraska,Garfield,,,,,,,
Nebraska,Gosper,,,,,,,
Nebraska,Grant,,,,,,,
Nebraska,Greeley,,,,,,,
Nebraska,Hall,23,7,,,,,
Nebraska,Hamilton,,,,,,,
Nebraska,Harlan,,,,,,,
Nebraska,Hayes,,,,,,,
Nebraska,Hitchcock,,,,,,,
Nebraska,Holt,,,,,,,
Nebraska,Hooker,,,,,,,
Nebraska,Howard,,,,,,,
Nebraska,Jefferson,,,,,,,
Nebraska,Johnson,,,,,,,
Nebraska,Kearney,,,,,,,
Nebraska,Keith,,,,,,,
Nebraska,Keya Paha,,,,,,,
Nebraska,Kimball,,,,,,,
Nebraska,Knox,,,,,,,
Nebraska,Lancaster,115,7,,,16,,7
Nebraska,Lincoln,13,7,,,,,
Nebraska,Logan,,,,,,,
Nebraska,Loup,,,,,,,
Nebraska,Madison,22,13,,,,,
Nebraska,McPherson,,,,,,,
Nebraska,Merrick,,,,,,,
Nebraska,Morrill,,,,,,,
Nebraska,Nance,,,,,,,
Nebraska,Nemaha,,,,,,,
Nebraska,Nuckolls,,,,,,,
Nebraska,Otoe,11,14,,,,,
Nebraska,Pawnee,,,,,,,
Nebraska,Perkins,,,,,,,
Nebraska,Phelps,10,22,,,,,
Nebraska,Pierce,,,,,,,
Nebraska,Platte,11,7,,,,,
Nebraska,Polk,,,,,,,
Nebraska,Red Willow,,,,,,,
Nebraska,Richardson,,,,,,,
Nebraska,Rock,,,,,,,
Nebraska,Saline,,,,,,,
Nebraska,Sarpy,62,7,,,,,
Nebraska,Saunders,,,,,,,
Nebraska,Scotts Bluff,14,8,,,,,
Nebraska,Seward,,,,,,,
Nebraska,Sheridan,,,,,,,
Nebraska,Sherman,,,,,,,
Nebraska,Sioux,,,,,,,
Nebraska,Stanton,,,,,,,
Nebraska,Thayer,,,,,,,
Nebraska,Thomas,,,,,,,
Nebraska,Thurston,,,,,,,
Nebraska,Valley,,,,,,,
Nebraska,Washington,10,10,,,,,
Nebraska,Wayne,,,,,,,
Nebraska,Webster,,,,,,,
Nebraska,Wheeler,,,,,,,
Nebraska,York,,,,,,,
Nevada,Carson City,50,18,,,,,
Nevada,Churchill,27,22,,,,,
Nevada,Clark,1729,16,,8,25,8,20
Nevada,Douglas,46,19,,,,,
Nevada,Elko,78,30,,,,23,32
Nevada,Esmeralda,,,,,,,
Nevada,Eureka,,,,,,,
Nevada,Humboldt,25,30,,,,,
Nevada,Lander,,,,,,,
Nevada,Lincoln,,,,,,,
Nevada,Lyon,61,22,,,,,
Nevada,Mineral,,,,,,,
Nevada,Nye,64,29,,,,,
Nevada,Pershing,,,,,,,
Nevada,Storey,,,,,,,
Nevada,Washoe,373,16,,6,21,9,20
Nevada,White Pine,11,23,,,,,
New Hampshire,Belknap,41,13,,,,,
New Hampshire,Carroll,37,15,,,,,
New Hampshire,Cheshire,53,14,,,,,
New Hampshire,Coos,28,18,,,,,
New Hampshire,Grafton,55,12,,,,,
New Hampshire,Hillsborough,211,10,,,,,
New Hampshire,Merrimack,75,10,,,,,
New Hampshire,Rockingham,121,8,,,,,
New Hampshire,Strafford,57,9,,,,,
New Hampshire,Sullivan,32,15,,,,,
New Jersey,Atlantic,122,9,,,28,,7
New Jersey,Bergen,97,2,,,5,2,2
New Jersey,Burlington,114,5,,,9,,5
New Jersey,Camden,220,9,,,23,11,4
New Jersey,Cape May,27,6,,,,,
New Jersey,Cumberland,68,9,,,25,,7
New Jersey,Essex,472,12,,,26,4,2
New Jersey,Gloucester,76,5,,,9,,5
New Jersey,Hudson,119,4,,,18,2,2
New Jersey,Hunterdon,35,6,,,,,
New Jersey,Mercer,127,7,,,21,3,4
New Jersey,Middlesex,111,3,,,6,2,3
New Jersey,Monmouth,101,3,,,9,,3
New Jersey,Morris,58,2,,,,,
New Jersey,Ocean,115,4,,,,,
New Jersey,Passaic,118,5,,,22,2,3
New Jersey,Salem,33,10,,,29,,7
New Jersey,Somerset,40,2,,,8,,2
New Jersey,Sussex,35,5,,,,,
New Jersey,Union,113,4,,,10,3,2
New Jersey,Warren,25,5,,,,,
New Mexico,Bernalillo,714,21,14,12,37,20,23
New Mexico,Catron,,,,,,,
New Mexico,Chaves,83,26,,,,22,29
New Mexico,Cibola,25,19,,,,,
New Mexico,Colfax,16,26,,,,,
New Mexico,Curry,46,18,,,,11,22
New Mexico,De Baca,,,,,,,
New Mexico,Dona Ana,142,13,,,,9,23
New Mexico,Eddy,90,31,,,,24,40
New Mexico,Grant,41,30,,,,20,40
New Mexico,Guadalupe,,,,,,,
New Mexico,Harding,,,,,,,
New Mexico,Hidalgo,,,,,,,
New Mexico,Lea,67,19,,,,14,24
New Mexico,Lincoln,34,35,,,,,
New Mexico,Los Alamos,,,,,,,
New Mexico,Luna,36,30,,,,15,65
New Mexico,McKinley,43,12,,,,,
New Mexico,Mora,,,,,,,
New Mexico,Otero,85,26,,,,16,36
New Mexico,Quay,15,36,,,,,
New Mexico,Rio Arriba,40,20,,,,,
New Mexico,Roosevelt,22,23,,,,25,24
New Mexico,San Juan,113,19,10,,,19,27
New Mexico,San Miguel,28,20,,,,15,39
New Mexico,Sandoval,110,15,14,,,13,19
New Mexico,Santa Fe,117,16,,,,13,17
New Mexico,Sierra,20,36,,,,,
New Mexico,Socorro,15,18,,,,,
New Mexico,Taos,43,26,,,,18,42
New Mexico,Torrance,26,34,,,,,
New Mexico,Union,,,,,,,
New Mexico,Valencia,66,17,,,,14,23
New York,Albany,85,6,,,11,,5
New York,Allegany,29,12,,,,,
New York,Bronx,312,4,,,8,3,3
New York,Broome,49,5,,,,,
New York,Cattaraugus,35,9,,,,,
New York,Cayuga,12,3,,,,,
New York,Chautauqua,52,8,,,,,
New York,Chemung,26,6,,,,,
New York,Chenango,22,9,,,,,
New York,Clinton,26,6,,,,,
New York,Columbia,29,10,,,,,
New York,Cortland,10,4,,,,,
New York,Delaware,22,10,,,,,
New York,Dutchess,88,6,,,6,,7
New York,Erie,338,7,,,25,10,4
New York,Essex,12,6,,,,,
New York,Franklin,14,6,,,,,
New York,Fulton,20,7,,,,,
New York,Genesee,12,4,,,,,
New York,Greene,16,7,,,,,
New York,Hamilton,,,,,,,
New York,Herkimer,19,6,,,,,
New York,Jefferson,37,7,,,,,
New York,Kings,509,4,,1,9,3,1
New York,Lewis,13,10,,,,,
New York,Livingston,23,7,,,,,
New York,Madison,22,6,,,,,
New York,Monroe,247,7,,,18,6,4
New York,Montgomery,19,8,,,,,
New York,Nassau,167,2,,,5,2,2
New York,New York,127,2,,,5,2,1
New York,Niagara,73,7,,,17,,6
New York,Oneida,71,6,,,13,,6
New York,Onondaga,169,7,,,28,11,4
New York,Ontario,32,6,,,,,
New York,Orange,110,6,,,11,4,6
New York,Orleans,15,7,,,,,
New York,Oswego,36,6,,,,,
New York,Otsego,21,7,,,,,
New York,Putnam,13,3,,,,,
New York,Queens,247,2,,1,6,1,2
New York,Rensselaer,32,4,,,,,
New York,Richmond,74,3,,,8,3,3
New York,Rockland,41,3,,,,,
New York,Saratoga,63,6,,,,,
New York,Schenectady,35,5,,,,,
New York,Schoharie,14,9,,,,,
New York,Schuyler,,,,,,,
New York,Seneca,,,,,,,
New York,St. Lawrence,32,6,,,,,
New York,Steuben,38,8,,,,,
New York,Suffolk,278,4,,,9,2,4
New York,Sullivan,36,10,,,,,
New York,Tioga,19,8,,,,,
New York,Tompkins,17,3,,,,,
New York,Ulster,55,6,,,,,
New York,Warren,25,8,,,,,
New York,Washington,17,6,,,,,
New York,Wayne,23,5,,,,,
New York,Westchester,126,3,,,4,1,3
New York,Wyoming,20,10,,,,,
New York,Yates,,,,,,,
North Carolina,Alamance,103,13,,,18,,12
North Carolina,Alexander,39,21,,,,,
North Carolina,Alleghany,10,18,,,,,
North Carolina,Anson,33,26,,,34,,21
North Carolina,Ashe,22,16,,,,,
North Carolina,Avery,12,14,,,,,
North Carolina,Beaufort,46,19,,,20,,21
North Carolina,Bertie,13,13,,,,,
North Carolina,Bladen,34,20,,,24,,15
North Carolina,Brunswick,75,11,,,16,,12
North Carolina,Buncombe,161,13,,,26,,12
North Carolina,Burke,66,15,,,,,
North Carolina,Cabarrus,95,9,,,10,,10
North Carolina,Caldwell,68,17,,,,,
North Carolina,Camden,,,,,,,
North Carolina,Carteret,61,18,,,,,
North Carolina,Caswell,23,20,,,,,
North Carolina,Catawba,126,16,,,24,,16
North Carolina,Chatham,34,9,,,,,
North Carolina,Cherokee,30,21,,,,,
North Carolina,Chowan,11,16,,,,,
North Carolina,Clay,,,,,,,
North Carolina,Cleveland,78,16,,,20,,15
North Carolina,Columbus,64,23,,,30,,20
North Carolina,Craven,65,13,,,18,,13
North Carolina,Cumberland,289,18,,,21,9,17
North Carolina,Currituck,21,16,,,,,
North Carolina,Dare,23,13,,,,,
North Carolina,Davidson,110,13,,,14,,15
North Carolina,Davie,29,14,,,,,
North Carolina,Duplin,21,7,,,,,
North Carolina,Durham,226,15,,,26,7,8
North Carolina,Edgecombe,66,25,,,27,,23
North Carolina,Forsyth,227,12,,,17,9,11
North Carolina,Franklin,56,17,,,22,,17
North Carolina,Gaston,154,14,,,19,,14
North Carolina,Gates,10,17,,,,,
North Carolina,Graham,,,,,,,
North Carolina,Granville,35,12,,,,,
North Carolina,Greene,12,11,,,,,
North Carolina,Guilford,380,14,,,22,,12
North Carolina,Halifax,57,22,,,23,,21
North Carolina,Harnett,88,13,,,17,,14
North Carolina,Haywood,51,17,,,,,
North Carolina,Henderson,86,15,,,,,
North Carolina,Hertford,26,22,,,,,
North Carolina,Hoke,42,16,,,12,,16
North Carolina,Hyde,,,,,,,
North Carolina,Iredell,111,13,,,15,,13
North Carolina,Jackson,27,13,,,,,
North Carolina,Johnston,112,11,,,11,,13
North Carolina,Jones,,,,,,,
North Carolina,Lee,53,17,,,40,,15
North Carolina,Lenoir,55,19,,,22,,20
North Carolina,Lincoln,46,11,,,,,
North Carolina,Macon,37,21,,,,,
North Carolina,Madison,10,9,,,,,
North Carolina,Martin,15,13,,,,,
North Carolina,McDowell,37,16,,,,,
North Carolina,Mecklenburg,614,11,,3,19,6,8
North Carolina,Mitchell,15,20,,,,,
North Carolina,Montgomery,22,16,,,,,
North Carolina,Moore,68,14,,,18,,14
North Carolina,Nash,87,19,,,23,,17
North Carolina,New Hanover,156,14,,,28,,12
North Carolina,Northampton,19,19,,,,,
North Carolina,Onslow,141,15,,,13,,18
North Carolina,Orange,50,7,,,14,,7
North Carolina,Pamlico,14,22,,,,,
North Carolina,Pasquotank,29,15,,,,,
North Carolina,Pender,50,17,,,,,
North Carolina,Perquimans,12,18,,,,,
North Carolina,Person,42,21,,,22,,23
North Carolina,Pitt,103,12,,,14,,11
North Carolina,Polk,21,20,,,,,
North Carolina,Randolph,113,16,,,24,,17
North Carolina,Richmond,45,20,,,22,,22
North Carolina,Robeson,200,30,34,,38,,27
North Carolina,Rockingham,73,16,,,26,,15
North Carolina,Rowan,123,17,,,29,,16
North Carolina,Rutherford,56,17,,,,,
North Carolina,Sampson,41,13,,,21,,11
North Carolina,Scotland,37,21,,,25,,19
North Carolina,Stanly,44,14,,,,,
North Carolina,Stokes,44,19,,,,,
North Carolina,Surry,67,19,,,,,
North Carolina,Swain,12,17,,,,,
North Carolina,Transylvania,26,15,,,,,
North Carolina,Tyrrell,,,,,,,
North Carolina,Union,92,8,,,14,,8
North Carolina,Vance,66,30,,,40,,22
North Carolina,Wake,349,7,,,9,3,7
North Carolina,Warren,23,23,,,,,
North Carolina,Washington,,,,,,,
North Carolina,Watauga,24,9,,,,,
North Carolina,Wayne,105,17,,,23,,15
North Carolina,Wilkes,55,16,,,,,
North Carolina,Wilson,47,12,,,11,,13
North Carolina,Yadkin,28,15,,,,,
North Carolina,Yancey,12,13,,,,,
North Dakota,Adams,,,,,,,
North Dakota,Barnes,,,,,,,
North Dakota,Benson,,,,,,,
North Dakota,Billings,,,,,,,
North Dakota,Bottineau,10,31,,,,,
North Dakota,Bowman,,,,,,,
North Dakota,Burke,,,,,,,
North Dakota,Burleigh,53,11,,,,,
North Dakota,Cass,83,9,,,,,
North Dakota,Cavalier,,,,,,,
North Dakota,Dickey,,,,,,,
North Dakota,Divide,,,,,,,
North Dakota,Dunn,,,,,,,
North Dakota,Eddy,,,,,,,
North Dakota,Emmons,,,,,,,
North Dakota,Foster,,,,,,,
North Dakota,Golden Valley,,,,,,,
North Dakota,Grand Forks,36,10,,,,,
North Dakota,Grant,,,,,,,
North Dakota,Griggs,,,,,,,
North Dakota,Hettinger,,,,,,,
North Dakota,Kidder,,,,,,,
North Dakota,LaMoure,,,,,,,
North Dakota,Logan,,,,,,,
North Dakota,McHenry,,,,,,,
North Dakota,McIntosh,,,,,,,
North Dakota,McKenzie,14,21,,,,,
North Dakota,McLean,,,,,,,
North Dakota,Mercer,10,24,,,,,
North Dakota,Morton,20,13,,,,,
North Dakota,Mountrail,,,,,,,
North Dakota,Nelson,,,,,,,
North Dakota,Oliver,,,,,,,
North Dakota,Pembina,,,,,,,
North Dakota,Pierce,,,,,,,
North Dakota,Ramsey,,,,,,,
North Dakota,Ransom,,,,,,,
North Dakota,Renville,,,,,,,
North Dakota,Richland,,,,,,,
North Dakota,Rolette,16,22,,,,,
North Dakota,Sargent,,,,,,,
North Dakota,Sheridan,,,,,,,
North Dakota,Sioux,,,,,,,
North Dakota,Slope,,,,,,,
North Dakota,Stark,24,15,,,,,
North Dakota,Steele,,,,,,,
North Dakota,Stutsman,15,14,,,,,
North Dakota,Towner,,,,,,,
North Dakota,Traill,,,,,,,
North Dakota,Walsh,13,24,,,,,
North Dakota,Ward,38,11,,,,,
North Dakota,Wells,,,,,,,
North Dakota,Williams,20,11,,,,,
Ohio,Adams,18,13,,,,,
Ohio,Allen,52,10,,,28,,7
Ohio,Ashland,16,6,,,,,
Ohio,Ashtabula,67,14,,,,,
Ohio,Athens,30,9,,,,,
Ohio,Auglaize,19,8,,,,,
Ohio,Belmont,46,14,,,,,
Ohio,Brown,33,15,,,,,
Ohio,Butler,217,11,,,21,,11
Ohio,Carroll,17,12,,,,,
Ohio,Champaign,32,16,,,,,
Ohio,Clark,109,16,,,50,,13
Ohio,Clermont,107,10,,,,,
Ohio,Clinton,18,9,,,,,
Ohio,Columbiana,64,12,,,,,
Ohio,Coshocton,24,13,,,,,
Ohio,Crawford,26,12,,,,,
Ohio,Cuyahoga,1106,18,,,35,10,11
Ohio,Darke,29,11,,,,,
Ohio,Defiance,15,8,,,,,
Ohio,Delaware,50,5,,,,,
Ohio,Erie,38,10,,,,,
Ohio,Fairfield,62,8,,,,,
Ohio,Fayette,,,,,,,
Ohio,Franklin,898,14,,3,28,8,10
Ohio,Fulton,17,8,,,,,
Ohio,Gallia,29,19,,,,,
Ohio,Geauga,40,9,,,,,
Ohio,Greene,78,9,,,,,
Ohio,Guernsey,24,12,,,,,
Ohio,Hamilton,615,15,,,31,,10
Ohio,Hancock,36,10,,,,,
Ohio,Hardin,15,10,,,,,
Ohio,Harrison,,,,,,,
Ohio,Henry,,,,,,,
Ohio,Highland,25,12,,,,,
Ohio,Hocking,23,16,,,,,
Ohio,Holmes,,,,,,,
Ohio,Huron,37,13,,,,,
Ohio,Jackson,31,19,,,,,
Ohio,Jefferson,63,19,,,57,,17
Ohio,Knox,41,13,,,,,
Ohio,Lake,106,9,,,,,
Ohio,Lawrence,47,16,,,,,
Ohio,Licking,108,12,,,,,
Ohio,Logan,28,12,,,,,
Ohio,Lorain,181,12,,,26,8,11
Ohio,Lucas,304,14,,,26,7,12
Ohio,Madison,25,11,,,,,
Ohio,Mahoning,189,16,,,44,,11
Ohio,Marion,42,13,,,,,
Ohio,Medina,88,10,,,,,
Ohio,Meigs,24,21,,,,,
Ohio,Mercer,13,6,,,,,
Ohio,Miami,45,9,,,,,
Ohio,Monroe,,,,,,,
Ohio,Montgomery,480,18,,,40,,12
Ohio,Morgan,10,14,,,,,
Ohio,Morrow,12,7,,,,,
Ohio,Muskingum,51,12,,,,,
Ohio,Noble,,,,,,,
Ohio,Ottawa,19,9,,,,,
Ohio,Paulding,15,16,,,,,
Ohio,Perry,18,10,,,,,
Ohio,Pickaway,32,11,,,,,
Ohio,Pike,35,25,,,,,
Ohio,Portage,71,9,,,,,
Ohio,Preble,23,11,,,,,
Ohio,Putnam,,,,,,,
Ohio,Richland,82,14,,,23,,13
Ohio,Ross,43,11,,,,,
Ohio,Sandusky,33,11,,,,,
Ohio,Scioto,53,14,,,,,
Ohio,Seneca,36,13,,,,,
Ohio,Shelby,19,8,,,,,
Ohio,Stark,267,14,,,28,,14
Ohio,Summit,403,15,,,34,,12
Ohio,Trumbull,177,18,,,38,,16
Ohio,Tuscarawas,48,10,,,,,
Ohio,Union,18,6,,,,,
Ohio,Van Wert,,,,,,,
Ohio,Vinton,10,15,,,,,
Ohio,Warren,88,8,,,,,
Ohio,Washington,29,10,,,,,
Ohio,Wayne,56,10,,,,,
Ohio,Williams,18,10,,,,,
Ohio,Wood,54,8,,,,,
Ohio,Wyandot,13,12,,,,,
Oklahoma,Adair,16,15,,,,,
Oklahoma,Alfalfa,,,,,,,
Oklahoma,Atoka,17,25,,,,,
Oklahoma,Beaver,,,,,,,
Oklahoma,Beckham,23,21,,,,,
Oklahoma,Blaine,10,21,,,,,
Oklahoma,Bryan,30,13,,,,,
Oklahoma,Caddo,33,23,,,,,
Oklahoma,Canadian,100,14,,,,,
Oklahoma,Carter,54,22,,,,,
Oklahoma,Cherokee,36,15,16,,,,15
Oklahoma,Choctaw,24,32,,,,,
Oklahoma,Cimarron,,,,,,,
Oklahoma,Cleveland,171,12,15,,,8,13
Oklahoma,Coal,12,43,,,,,
Oklahoma,Comanche,115,19,,,34,,18
Oklahoma,Cotton,13,45,,,,,
Oklahoma,Craig,14,19,,,,,
Oklahoma,Creek,80,22,,,,,
Oklahoma,Custer,29,20,,,,,
Oklahoma,Delaware,39,18,,,,,
Oklahoma,Dewey,,,,,,,
Oklahoma,Ellis,,,,,,,
Oklahoma,Garfield,41,13,,,,,
Oklahoma,Garvin,22,16,,,,,
Oklahoma,Grady,50,18,,,,,
Oklahoma,Grant,,,,,,,
Oklahoma,Greer,,,,,,,
Oklahoma,Harmon,,,,,,,
Oklahoma,Harper,,,,,,,
Oklahoma,Haskell,,,,,,,
Oklahoma,Hughes,16,24,,,,,
Oklahoma,Jackson,22,18,,,,,
Oklahoma,Jefferson,,,,,,,
Oklahoma,Johnston,14,25,,,,,
Oklahoma,Kay,47,21,,,,,
Oklahoma,Kingfisher,19,24,,,,,
Oklahoma,Kiowa,,,,,,,
Oklahoma,Latimer,,,,,,,
Oklahoma,Le Flore,45,18,,,,,
Oklahoma,Lincoln,30,17,,,,,
Oklahoma,Logan,38,16,,,,,
Oklahoma,Love,,,,,,,
Oklahoma,Major,12,31,,,,,
Oklahoma,Marshall,22,27,,,,,
Oklahoma,Mayes,29,14,,,,,
Oklahoma,McClain,36,18,,,,,
Oklahoma,McCurtain,49,30,38,,,,28
Oklahoma,McIntosh,19,19,,,,,
Oklahoma,Murray,13,19,,,,,
Oklahoma,Muskogee,60,17,15,,34,,16
Oklahoma,Noble,13,23,,,,,
Oklahoma,Nowata,,,,,,,
Oklahoma,Okfuskee,14,23,,,,,
Oklahoma,Oklahoma,768,20,24,8,34,9,19
Oklahoma,Okmulgee,59,30,27,,,,31
Oklahoma,Osage,44,19,,,,,
Oklahoma,Ottawa,30,19,,,,,
Oklahoma,Pawnee,15,18,,,,,
Oklahoma,Payne,49,12,,,,,
Oklahoma,Pittsburg,48,22,,,,,
Oklahoma,Pontotoc,32,17,,,,,
Oklahoma,Pottawatomie,60,17,26,,,,14
Oklahoma,Pushmataha,15,27,,,,,
Oklahoma,Roger Mills,,,,,,,
Oklahoma,Rogers,59,13,,,,,
Oklahoma,Seminole,23,18,,,,,
Oklahoma,Sequoyah,35,17,,,,,
Oklahoma,Stephens,30,14,,,,,
Oklahoma,Texas,18,17,,,,,
Oklahoma,Tillman,,,,,,,
Oklahoma,Tulsa,622,19,19,17,40,12,17
Oklahoma,Wagoner,58,15,,,,,
Oklahoma,Washington,40,15,,,,,
Oklahoma,Washita,,,,,,,
Oklahoma,Woods,,,,,,,
Oklahoma,Woodward,20,19,,,,,
Oregon,Baker,22,27,,,,,
Oregon,Benton,39,9,,,,,
Oregon,Clackamas,222,11,,,,7,12
Oregon,Clatsop,25,13,,,,,
Oregon,Columbia,41,16,,,,,
Oregon,Coos,61,19,,,,,
Oregon,Crook,28,24,,,,,
Oregon,Curry,38,33,,,,,
Oregon,Deschutes,126,14,,,,,
Oregon,Douglas,115,21,,,,,
Oregon,Gilliam,,,,,,,
Oregon,Grant,,,,,,,
Oregon,Harney,14,38,,,,,
Oregon,Hood River,,,,,,,
Oregon,Jackson,189,17,,,,,
Oregon,Jefferson,17,14,,,,,
Oregon,Josephine,110,25,,,,,
Oregon,Klamath,83,25,,,,,
Oregon,Lake,,,,,,,
Oregon,Lane,275,15,,,,6,16
Oregon,Lincoln,54,22,,,,,
Oregon,Linn,79,13,,,,,
Oregon,Malheur,15,10,,,,,
Oregon,Marion,186,11,,,,6,13
Oregon,Morrow,,,,,,,
Oregon,Multnomah,392,10,,4,19,3,11
Oregon,Polk,38,9,,,,,
Oregon,Sherman,,,,,,,
Oregon,Tillamook,20,15,,,,,
Oregon,Umatilla,55,14,,,,13,15
Oregon,Union,19,14,,,,,
Oregon,Wallowa,10,28,,,,,
Oregon,Wasco,16,12,,,,,
Oregon,Washington,226,8,,3,,4,9
Oregon,Wheeler,,,,,,,
Oregon,Yamhill,58,11,,,,,
Pennsylvania,Adams,54,11,,,,,
Pennsylvania,Allegheny,872,14,,,47,,9
Pennsylvania,Armstrong,50,15,,,,,
Pennsylvania,Beaver,100,12,,,29,,11
Pennsylvania,Bedford,41,17,,,,,
Pennsylvania,Berks,222,11,,,21,7,11
Pennsylvania,Blair,56,9,,,,,
Pennsylvania,Bradford,37,12,,,,,
Pennsylvania,Bucks,202,6,,,10,,7
Pennsylvania,Butler,95,10,,,,,
Pennsylvania,Cambria,106,16,,,41,,15
Pennsylvania,Cameron,,,,,,,
Pennsylvania,Carbon,58,18,,,,,
Pennsylvania,Centre,50,6,,,,,
Pennsylvania,Chester,170,7,,,12,,7
Pennsylvania,Clarion,30,15,,,,,
Pennsylvania,Clearfield,69,17,,,,,
Pennsylvania,Clinton,31,16,,,,,
Pennsylvania,Columbia,55,17,,,,,
Pennsylvania,Crawford,56,13,,,,,
Pennsylvania,Cumberland,114,9,,,,,
Pennsylvania,Dauphin,164,12,,,25,11,9
Pennsylvania,Delaware,307,11,,,28,,6
Pennsylvania,Elk,23,15,,,,,
Pennsylvania,Erie,168,12,,,22,,12
Pennsylvania,Fayette,106,16,,,38,,15
Pennsylvania,Forest,,,,,,,
Pennsylvania,Franklin,83,11,,,,,
Pennsylvania,Fulton,14,19,,,,,
Pennsylvania,Greene,24,13,,,,,
Pennsylvania,Huntingdon,24,11,,,,,
Pennsylvania,Indiana,44,10,,,,,
Pennsylvania,Jefferson,26,12,,,,,
Pennsylvania,Juniata,18,15,,,,,
Pennsylvania,Lackawanna,114,11,,,,,
Pennsylvania,Lancaster,223,8,,,12,9,8
Pennsylvania,Lawrence,72,17,,,,,
Pennsylvania,Lebanon,66,9,,,,,
Pennsylvania,Lehigh,183,10,,,12,7,11
Pennsylvania,Luzerne,203,13,,,,,
Pennsylvania,Lycoming,59,10,,,,,
Pennsylvania,McKean,20,10,,,,,
Pennsylvania,Mercer,81,14,,,36,,13
Pennsylvania,Mifflin,36,16,,,,,
Pennsylvania,Monroe,101,12,,,12,,13
Pennsylvania,Montgomery,266,6,,5,9,,6
Pennsylvania,Montour,10,11,,,,,
Pennsylvania,Northampton,136,9,,,16,,10
Pennsylvania,Northumberland,42,9,,,,,
Pennsylvania,Perry,36,16,,,,,
Pennsylvania,Philadelphia,1658,21,,3,36,19,7
Pennsylvania,Pike,38,14,,,,,
Pennsylvania,Potter,16,19,,,,,
Pennsylvania,Schuylkill,114,16,,,,,
Pennsylvania,Snyder,14,7,,,,,
Pennsylvania,Somerset,42,11,,,,,
Pennsylvania,Sullivan,,,,,,,
Pennsylvania,Susquehanna,33,16,,,,,
Pennsylvania,Tioga,26,13,,,,,
Pennsylvania,Union,16,7,,,,,
Pennsylvania,Venango,37,14,,,,,
Pennsylvania,Warren,22,11,,,,,
Pennsylvania,Washington,149,14,,,,,
Pennsylvania,Wayne,58,23,,,,,
Pennsylvania,Westmoreland,216,12,,,27,,12
Pennsylvania,Wyoming,21,15,,,,,
Pennsylvania,York,279,13,,,33,12,11
Rhode Island,Bristol,,,,,,,
Rhode Island,Kent,37,5,,,,,
Rhode Island,Newport,18,4,,,,,
Rhode Island,Providence,137,4,,,8,2,5
Rhode Island,Washington,31,5,,,,,
South Carolina,Abbeville,26,21,,,,,
South Carolina,Aiken,191,23,,,21,,25
South Carolina,Allendale,14,31,,,,,
South Carolina,Anderson,217,22,,,30,,21
South Carolina,Bamberg,19,26,,,,,
South Carolina,Barnwell,27,25,,,25,,27
South Carolina,Beaufort,131,14,,,33,,11
South Carolina,Berkeley,175,16,,,17,,17
South Carolina,Calhoun,14,19,,,,,
South Carolina,Charleston,374,19,,,37,,12
South Carolina,Cherokee,57,20,,,,,
South Carolina,Chester,33,20,,,,,
South Carolina,Chesterfield,55,24,,,21,,27
South Carolina,Clarendon,27,16,,,,,
South Carolina,Colleton,64,34,,,36,,35
South Carolina,Darlington,88,26,,,24,,29
South Carolina,Dillon,42,27,,,33,,25
South Carolina,Dorchester,125,16,,,19,,16
South Carolina,Edgefield,20,15,,,,,
South Carolina,Fairfield,22,20,,,17,,25
South Carolina,Florence,130,19,,,26,,14
South Carolina,Georgetown,58,19,,,17,,19
South Carolina,Greenville,363,14,,,22,6,14
South Carolina,Greenwood,46,13,,,16,,13
South Carolina,Hampton,26,26,,,,,
South Carolina,Horry,300,18,,,31,,17
South Carolina,Jasper,46,32,,,40,,29
South Carolina,Kershaw,53,16,,,,,
South Carolina,Lancaster,87,19,,,31,,16
South Carolina,Laurens,53,16,,,17,,16
South Carolina,Lee,18,21,,,,,
South Carolina,Lexington,244,17,,,19,16,17
South Carolina,Marion,41,26,,,26,,29
South Carolina,Marlboro,35,26,,,,,
South Carolina,McCormick,12,25,,,,,
South Carolina,Newberry,36,19,,,19,,20
South Carolina,Oconee,71,18,,,,,
South Carolina,Orangeburg,93,21,,,23,,19
South Carolina,Pickens,109,18,,,,,
South Carolina,Richland,364,18,,,22,12,14
South Carolina,Saluda,10,10,,,,,
South Carolina,Spartanburg,293,19,,,23,,20
South Carolina,Sumter,91,17,,,20,,15
South Carolina,Union,21,15,,,,,
South Carolina,Williamsburg,28,18,,,,,
South Carolina,York,192,14,,,18,,14
South Dakota,Aurora,,,,,,,
South Dakota,Beadle,11,12,,,,,
South Dakota,Bennett,,,,,,,
South Dakota,Bon Homme,,,,,,,
South Dakota,Brookings,,,,,,,
South Dakota,Brown,19,10,,,,,
South Dakota,Brule,,,,,,,
South Dakota,Buffalo,,,,,,,
South Dakota,Butte,,,,,,,
South Dakota,Campbell,,,,,,,
South Dakota,Charles Mix,,,,,,,
South Dakota,Clark,,,,,,,
South Dakota,Clay,,,,,,,
South Dakota,Codington,13,9,,,,,
South Dakota,Corson,,,,,,,
South Dakota,Custer,,,,,,,
South Dakota,Davison,,,,,,,
South Dakota,Day,,,,,,,
South Dakota,Deuel,,,,,,,
South Dakota,Dewey,,,,,,,
South Dakota,Douglas,,,,,,,
South Dakota,Edmunds,,,,,,,
South Dakota,Fall River,,,,,,,
South Dakota,Faulk,,,,,,,
South Dakota,Grant,,,,,,,
South Dakota,Gregory,,,,,,,
South Dakota,Haakon,,,,,,,
South Dakota,Hamlin,,,,,,,
South Dakota,Hand,,,,,,,
South Dakota,Hanson,,,,,,,
South Dakota,Harding,,,,,,,
South Dakota,Hughes,,,,,,,
South Dakota,Hutchinson,,,,,,,
South Dakota,Hyde,,,,,,,
South Dakota,Jackson,,,,,,,
South Dakota,Jerauld,,,,,,,
South Dakota,Jones,,,,,,,
South Dakota,Kingsbury,,,,,,,
South Dakota,Lake,,,,,,,
South Dakota,Lawrence,22,17,,,,,
South Dakota,Lincoln,28,10,,,,,
South Dakota,Lyman,,,,,,,
South Dakota,Marshall,,,,,,,
South Dakota,McCook,,,,,,,
South Dakota,McPherson,,,,,,,
South Dakota,Meade,20,14,,,,,
South Dakota,Mellette,,,,,,,
South Dakota,Miner,,,,,,,
South Dakota,Minnehaha,98,10,,,19,,10
South Dakota,Moody,,,,,,,
South Dakota,Oglala Lakota,13,18,,,,,
South Dakota,Pennington,100,18,,,,,
South Dakota,Perkins,,,,,,,
South Dakota,Potter,,,,,,,
South Dakota,Roberts,,,,,,,
South Dakota,Sanborn,,,,,,,
South Dakota,Spink,,,,,,,
South Dakota,Stanley,,,,,,,
South Dakota,Sully,,,,,,,
South Dakota,Todd,13,26,,,,,
South Dakota,Tripp,,,,,,,
South Dakota,Turner,,,,,,,
South Dakota,Union,,,,,,,
South Dakota,Walworth,,,,,,,
South Dakota,Yankton,21,18,,,,,
South Dakota,Ziebach,,,,,,,
Tennessee,Anderson,59,15,,,,,
Tennessee,Bedford,33,14,,,,,
Tennessee,Benton,20,25,,,,,
Tennessee,Bledsoe,18,24,,,,,
Tennessee,Blount,88,14,,,,,
Tennessee,Bradley,70,13,,,,,
Tennessee,Campbell,37,19,,,,,
Tennessee,Cannon,14,20,,,,,
Tennessee,Carroll,28,20,,,,,
Tennessee,Carter,48,17,,,,,
Tennessee,Cheatham,44,22,,,,,
Tennessee,Chester,16,18,,,,,
Tennessee,Claiborne,35,22,,,,,
Tennessee,Clay,17,44,,,,,
Tennessee,Cocke,36,20,,,,,
Tennessee,Coffee,40,14,,,,,
Tennessee,Crockett,15,21,,,,,
Tennessee,Cumberland,67,23,,,,,
Tennessee,Davidson,609,18,,,32,12,13
Tennessee,Decatur,,,,,,,
Tennessee,DeKalb,17,17,,,,,
Tennessee,Dickson,61,23,,,,,
Tennessee,Dyer,31,17,,,,,
Tennessee,Fayette,33,16,,,,,
Tennessee,Fentress,11,12,,,,,
Tennessee,Franklin,32,15,,,,,
Tennessee,Gibson,44,18,,,39,,13
Tennessee,Giles,31,21,,,,,
Tennessee,Grainger,11,10,,,,,
Tennessee,Greene,51,15,,,,,
Tennessee,Grundy,16,24,,,,,
Tennessee,Hamblen,52,16,,,,,
Tennessee,Hamilton,305,17,,,34,,14
Tennessee,Hancock,,,,,,,
Tennessee,Hardeman,21,17,,,19,,14
Tennessee,Hardin,29,23,,,,,
Tennessee,Hawkins,48,17,,,,,
Tennessee,Haywood,16,18,,,,,
Tennessee,Henderson,22,16,,,,,
Tennessee,Henry,40,25,,,,,
Tennessee,Hickman,27,22,,,,,
Tennessee,Houston,,,,,,,
Tennessee,Humphreys,20,22,,,,,
Tennessee,Jackson,,,,,,,
Tennessee,Jefferson,31,12,,,,,
Tennessee,Johnson,15,17,,,,,
Tennessee,Knox,337,15,,,36,,13
Tennessee,Lake,,,,,,,
Tennessee,Lauderdale,21,16,,,,,
Tennessee,Lawrence,39,18,,,,,
Tennessee,Lewis,20,33,,,,,
Tennessee,Lincoln,30,18,,,,,
Tennessee,Loudon,28,11,,,,,
Tennessee,Macon,31,26,,,,,
Tennessee,Madison,91,19,,,25,,15
Tennessee,Marion,24,17,,,,,
Tennessee,Marshall,23,14,,,,,
Tennessee,Maury,67,15,,,,,
Tennessee,McMinn,46,17,,,,,
Tennessee,McNairy,31,24,,,,,
Tennessee,Meigs,,,,,,,
Tennessee,Monroe,36,16,,,,,
Tennessee,Montgomery,193,19,,,29,11,18
Tennessee,Moore,,,,,,,
Tennessee,Morgan,17,16,,,,,
Tennessee,Obion,27,18,,,,,
Tennessee,Overton,17,15,,,,,
Tennessee,Perry,,,,,,,
Tennessee,Pickett,,,,,,,
Tennessee,Polk,24,29,,,,,
Tennessee,Putnam,64,17,,,,,
Tennessee,Rhea,31,19,,,,,
Tennessee,Roane,48,18,,,,,
Tennessee,Robertson,56,16,,,,,
Tennessee,Rutherford,199,13,,,16,8,13
Tennessee,Scott,29,26,,,,,
Tennessee,Sequatchie,11,15,,,,,
Tennessee,Sevier,72,15,,,,,
Tennessee,Shelby,1260,27,,,37,17,16
Tennessee,Smith,20,20,,,,,
Tennessee,Stewart,13,19,,,,,
Tennessee,Sullivan,117,15,,,,,
Tennessee,Sumner,145,16,,,21,,16
Tennessee,Tipton,54,18,,,19,,18
Tennessee,Trousdale,,,,,,,
Tennessee,Unicoi,16,18,,,,,
Tennessee,Union,20,21,,,,,
Tennessee,Van Buren,,,,,,,
Tennessee,Warren,35,17,,,,,
Tennessee,Washington,84,13,,,,,
Tennessee,Wayne,15,18,,,,,
Tennessee,Weakley,34,20,,,,,
Tennessee,White,29,22,,,,,
Tennessee,Williamson,96,9,,,,,
Tennessee,Wilson,100,15,,,,,
Texas,Anderson,44,15,,,,,
Texas,Andrews,,,,,,,
Texas,Angelina,58,13,,,15,,16
Texas,Aransas,34,27,,,,,
Texas,Archer,,,,,,,
Texas,Armstrong,,,,,,,
Texas,Atascosa,33,13,,,,11,17
Texas,Austin,29,19,,,,,
Texas,Bailey,,,,,,,
Texas,Bandera,20,18,,,,,
Texas,Bastrop,74,17,,,,9,26
Texas,Baylor,,,,,,,
Texas,Bee,17,10,,,,,
Texas,Bell,298,17,,,23,9,19
Texas,Bexar,1241,13,,4,22,10,16
Texas,Blanco,13,23,,,,,
Texas,Borden,,,,,,,
Texas,Bosque,10,11,,,,,
Texas,Bowie,84,18,,,16,,21
Texas,Brazoria,190,11,,,15,6,13
Texas,Brazos,79,7,,,,6,9
Texas,Brewster,14,30,,,,,
Texas,Briscoe,,,,,,,
Texas,Brooks,,,,,,,
Texas,Brown,30,16,,,,,
Texas,Burleson,13,14,,,,,
Texas,Burnet,29,12,,,,,
Texas,Caldwell,31,15,,,,,
Texas,Calhoun,11,10,,,,,
Texas,Callahan,11,16,,,,,
Texas,Cameron,103,5,,,,3,20
Texas,Camp,11,17,,,,,
Texas,Carson,,,,,,,
Texas,Cass,31,21,,,,,
Texas,Castro,,,,,,,
Texas,Chambers,36,17,,,,,
Texas,Cherokee,46,18,,,,,
Texas,Childress,,,,,,,
Texas,Clay,10,19,,,,,
Texas,Cochran,,,,,,,
Texas,Coke,,,,,,,
Texas,Coleman,,,,,,,
Texas,Collin,394,8,,3,9,3,11
Texas,Collingsworth,,,,,,,
Texas,Colorado,13,12,,,,,
Texas,Comal,97,14,,,,6,17
Texas,Comanche,13,19,,,,,
Texas,Concho,,,,,,,
Texas,Cooke,24,12,,,,,
Texas,Coryell,48,13,,,,,
Texas,Cottle,,,,,,,
Texas,Crane,,,,,,,
Texas,Crockett,,,,,,,
Texas,Crosby,,,,,,,
Texas,Culberson,,,,,,,
Texas,Dallam,,,,,,,
Texas,Dallas,1665,13,,2,22,7,16
Texas,Dawson,10,15,,,,,
Texas,Deaf Smith,11,12,,,,,
Texas,Delta,,,,,,,
Texas,Denton,328,8,,3,8,3,10
Texas,DeWitt,18,18,,,,,
Texas,Dickens,,,,,,,
Texas,Dimmit,,,,,,,
Texas,Donley,,,,,,,
Texas,Duval,13,23,,,,,
Texas,Eastland,14,15,,,,,
Texas,Ector,102,13,,,,6,26
Texas,Edwards,,,,,,,
Texas,El Paso,334,8,,,17,5,22
Texas,Ellis,100,11,,,16,,15
Texas,Erath,20,10,,,,,
Texas,Falls,,,,,,,
Texas,Fannin,37,21,,,,,
Texas,Fayette,12,10,,,,,
Texas,Fisher,,,,,,,
Texas,Floyd,,,,,,,
Texas,Foard,,,,,,,
Texas,Fort Bend,370,10,,4,11,7,14
Texas,Franklin,,,,,,,
Texas,Freestone,24,24,,,,,
Texas,Frio,,,,,,,
Texas,Gaines,,,,,,,
Texas,Galveston,268,16,,,18,8,20
Texas,Garza,,,,,,,
Texas,Gillespie,29,22,,,,,
Texas,Glasscock,,,,,,,
Texas,Goliad,12,32,,,,,
Texas,Gonzales,12,12,,,,,
Texas,Gray,22,20,,,,,
Texas,Grayson,110,17,,,,,
Texas,Gregg,123,20,,,33,,20
Texas,Grimes,22,16,,,,,
Texas,Guadalupe,85,11,,,,7,14
Texas,Hale,18,11,,,,,
Texas,Hall,,,,,,,
Texas,Hamilton,,,,,,,
Texas,Hansford,,,,,,,
Texas,Hardeman,,,,,,,
Texas,Hardin,51,18,,,,,
Texas,Harris,3135,14,,6,24,8,15
Texas,Harrison,69,21,,,28,,22
Texas,Hartley,,,,,,,
Texas,Haskell,,,,,,,
Texas,Hays,111,10,,,,6,13
Texas,Hemphill,,,,,,,
Texas,Henderson,88,22,,,,,
Texas,Hidalgo,224,5,,,,4,17
Texas,Hill,41,23,,,,,
Texas,Hockley,19,16,,,,,
Texas,Hood,55,19,,,,,
Texas,Hopkins,44,24,,,,,
Texas,Houston,18,16,,,,,
Texas,Howard,47,26,,,,14,33
Texas,Hudspeth,,,,,,,
Texas,Hunt,78,17,,,,14,18
Texas,Hutchinson,20,19,,,,,
Texas,Irion,,,,,,,
Texas,Jack,,,,,,,
Texas,Jackson,10,13,,,,,
Texas,Jasper,33,19,,,,,
Texas,Jeff Davis,,,,,,,
Texas,Jefferson,219,17,,,22,5,20
Texas,Jim Hogg,,,,,,,
Texas,Jim Wells,34,17,,,,13,32
Texas,Johnson,100,12,,,,,
Texas,Jones,14,14,,,,,
Texas,Karnes,,,,,,,
Texas,Kaufman,96,15,,,24,,17
Texas,Kendall,28,13,,,,,
Texas,Kenedy,,,,,,,
Texas,Kent,,,,,,,
Texas,Kerr,62,24,,,,,
Texas,Kimble,,,,,,,
Texas,King,,,,,,,
Texas,Kinney,,,,,,,
Texas,Kleberg,12,8,,,,,
Texas,Knox,,,,,,,
Texas,La Salle,,,,,,,
Texas,Lamar,38,15,,,,,
Texas,Lamb,10,15,,,,,
Texas,Lampasas,11,10,,,,,
Texas,Lavaca,13,13,,,,,
Texas,Lee,,,,,,,
Texas,Leon,16,19,,,,,
Texas,Liberty,75,18,,,,10,21
Texas,Limestone,15,13,,,,,
Texas,Lipscomb,,,,,,,
Texas,Live Oak,14,23,,,,,
Texas,Llano,21,20,,,,,
Texas,Loving,,,,,,,
Texas,Lubbock,186,12,,,17,7,15
Texas,Lynn,,,,,,,
Texas,Madison,,,,,,,
Texas,Marion,,,,,,,
Texas,Martin,,,,,,,
Texas,Mason,,,,,,,
Texas,Matagorda,32,17,,,,,
Texas,Maverick,13,4,,,,,
Texas,McCulloch,,,,,,,
Texas,McLennan,159,13,,,17,4,16
Texas,McMullen,,,,,,,
Texas,Medina,32,13,,,,,
Texas,Menard,,,,,,,
Texas,Midland,106,13,,,19,7,18
Texas,Milam,17,14,,,,,
Texas,Mills,,,,,,,
Texas,Mitchell,,,,,,,
Texas,Montague,20,20,,,,,
Texas,Montgomery,344,12,,,18,5,14
Texas,Moore,15,14,,,,,
Texas,Morris,,,,,,,
Texas,Motley,,,,,,,
Texas,Nacogdoches,48,15,,,,,
Texas,Navarro,40,16,,,,,
Texas,Newton,19,27,,,,,
Texas,Nolan,12,16,,,,,
Texas,Nueces,264,15,,,27,11,23
Texas,Ochiltree,,,,,,,
Texas,Oldham,,,,,,,
Texas,Orange,64,15,,,29,,15
Texas,Palo Pinto,16,11,,,,,
Texas,Panola,27,23,,,,,
Texas,Parker,96,14,,,,,
Texas,Parmer,,,,,,,
Texas,Pecos,13,16,,,,,
Texas,Polk,53,22,,,,,
Texas,Potter,121,20,,,31,10,28
Texas,Presidio,,,,,,,
Texas,Rains,,,,,,,
Texas,Randall,99,15,,,,,
Texas,Reagan,,,,,,,
Texas,Real,,,,,,,
Texas,Red River,,,,,,,
Texas,Reeves,,,,,,,
Texas,Refugio,,,,,,,
Texas,Roberts,,,,,,,
Texas,Robertson,10,12,,,,,
Texas,Rockwall,57,12,,,,,
Texas,Runnels,,,,,,,
Texas,Rusk,41,15,,,21,,16
Texas,Sabine,,,,,,,
Texas,San Augustine,,,,,,,
Texas,San Jacinto,25,18,,,,,
Texas,San Patricio,56,17,,,,10,27
Texas,San Saba,,,,,,,
Texas,Schleicher,,,,,,,
Texas,Scurry,12,14,,,,,
Texas,Shackelford,,,,,,,
Texas,Shelby,23,18,,,,,
Texas,Sherman,,,,,,,
Texas,Smith,202,18,,,19,8,21
Texas,Somervell,10,22,,,,,
Texas,Starr,28,9,,,,,
Texas,Stephens,,,,,,,
Texas,Sterling,,,,,,,
Texas,Stonewall,,,,,,,
Texas,Sutton,,,,,,,
Texas,Swisher,,,,,,,
Texas,Tarrant,1181,12,,5,15,6,14
Texas,Taylor,112,16,,,26,12,18
Texas,Terrell,,,,,,,
Texas,Terry,,,,,,,
Texas,Throckmorton,,,,,,,
Texas,Titus,24,15,,,,,
Texas,Tom Green,79,13,,,,9,16
Texas,Travis,506,8,,2,12,5,11
Texas,Trinity,18,25,,,,,
Texas,Tyler,16,15,,,,,
Texas,Upshur,44,21,,,,,
Texas,Upton,,,,,,,
Texas,Uvalde,15,11,,,,,
Texas,Val Verde,18,7,,,,,
Texas,Van Zandt,45,16,,,,,
Texas,Victoria,67,15,,,,10,22
Texas,Walker,37,10,,,,,
Texas,Waller,28,11,,,,,
Texas,Ward,,,,,,,
Texas,Washington,15,9,,,,,
Texas,Webb,73,5,,,,,
Texas,Wharton,20,10,,,,,
Texas,Wheeler,,,,,,,
Texas,Wichita,86,13,,,17,8,15
Texas,Wilbarger,12,19,,,,,
Texas,Willacy,,,,,,,
Texas,Williamson,270,10,,,7,4,13
Texas,Wilson,56,23,,,,11,31
Texas,Winkler,10,26,,,,,
Texas,Wise,47,14,,,,,
Texas,Wood,38,17,,,,,
Texas,Yoakum,,,,,,,
Texas,Young,17,19,,,,,
Texas,Zapata,,,,,,,
Texas,Zavala,,,,,,,
Utah,Beaver,10,31,,,,,
Utah,Box Elder,36,13,,,,,
Utah,Cache,45,7,,,,,
Utah,Carbon,22,22,,,,,
Utah,Daggett,,,,,,,
Utah,Davis,160,9,,,,,
Utah,Duchesne,26,26,,,,,
Utah,Emery,14,28,,,,,
Utah,Garfield,10,40,,,,,
Utah,Grand,,,,,,,
Utah,Iron,39,15,,,,,
Utah,Juab,13,23,,,,,
Utah,Kane,,,,,,,
Utah,Millard,15,23,,,,,
Utah,Morgan,,,,,,,
Utah,Piute,,,,,,,
Utah,Rich,,,,,,,
Utah,Salt Lake,729,13,,6,15,9,14
Utah,San Juan,18,23,,,,,
Utah,Sanpete,19,13,,,,,
Utah,Sevier,28,26,,,,,
Utah,Summit,16,8,,,,,
Utah,Tooele,41,12,,,,,
Utah,Uintah,43,24,,,,,
Utah,Utah,284,9,,,,4,10
Utah,Wasatch,21,13,,,,,
Utah,Washington,113,14,,,,,
Utah,Wayne,,,,,,,
Utah,Weber,209,17,,,,10,19
Vermont,Addison,13,7,,,,,
Vermont,Bennington,23,13,,,,,
Vermont,Caledonia,30,20,,,,,
Vermont,Chittenden,61,7,,,,,
Vermont,Essex,,,,,,,
Vermont,Franklin,26,11,,,,,
Vermont,Grand Isle,,,,,,,
Vermont,Lamoille,13,10,,,,,
Vermont,Orange,22,15,,,,,
Vermont,Orleans,19,14,,,,,
Vermont,Rutland,41,14,,,,,
Vermont,Washington,42,14,,,,,
Vermont,Windham,26,12,,,,,
Vermont,Windsor,37,13,,,,,
Virginia,Accomack,25,15,,,,,
Virginia,Albemarle,45,8,,,,,
Virginia,Alexandria City,39,5,,,6,,6
Virginia,Alleghany,10,13,,,,,
Virginia,Amelia,19,29,,,,,
Virginia,Amherst,22,14,,,,,
Virginia,Appomattox,17,22,,,,,
Virginia,Arlington,32,3,,,,,
Virginia,Augusta,48,13,,,,,
Virginia,Bath,,,,,,,
Virginia,Bedford,63,16,,,,,
Virginia,Bland,,,,,,,
Virginia,Botetourt,28,17,,,,,
Virginia,Bristol City,,,,,,,
Virginia,Brunswick,,,,,,,
Virginia,Buchanan,24,22,,,,,
Virginia,Buckingham,10,12,,,,,
Virginia,Buena Vista City,,,,,,,
Virginia,Campbell,42,15,,,,,
Virginia,Caroline,27,18,,,,,
Virginia,Carroll,23,15,,,,,
Virginia,Charles City,,,,,,,
Virginia,Charlotte,13,22,,,,,
Virginia,Charlottesville City,16,7,,,,,
Virginia,Chesapeake City,170,14,,,16,14,14
Virginia,Chesterfield,216,13,,,19,,12
Virginia,Clarke,12,17,,,,,
Virginia,Colonial Heights City,21,24,,,,,
Virginia,Covington City,,,,,,,
Virginia,Craig,,,,,,,
Virginia,Culpeper,33,13,,,,,
Virginia,Cumberland,,,,,,,
Virginia,Danville City,73,35,,,41,,30
Virginia,Dickenson,19,26,,,,,
Virginia,Dinwiddie,23,16,,,,,
Virginia,Emporia City,,,,,,,
Virginia,Essex,,,,,,,
Virginia,Fairfax,252,4,,2,4,3,6
Virginia,Fairfax City,,,,,,,
Virginia,Falls Church City,,,,,,,
Virginia,Fauquier,33,9,,,,,
Virginia,Floyd,10,13,,,,,
Virginia,Fluvanna,14,11,,,,,
Virginia,Franklin,39,14,,,,,
Virginia,Franklin City,,,,,,,
Virginia,Frederick,53,12,,,,,
Virginia,Fredericksburg City,21,15,,,,,
Virginia,Galax City,,,,,,,
Virginia,Giles,13,15,,,,,
Virginia,Gloucester,35,19,,,,,
Virginia,Goochland,14,12,,,,,
Virginia,Grayson,12,15,,,,,
Virginia,Greene,14,14,,,,,
Virginia,Greensville,,,,,,,
Virginia,Halifax,30,17,,,,,
Virginia,Hampton City,132,20,,,25,,15
Virginia,Hanover,56,11,,,,,
Virginia,Harrisonburg City,19,7,,,,,
Virginia,Henrico,199,12,,,21,,10
Virginia,Henry,50,20,,,,,
Virginia,Highland,,,,,,,
Virginia,Hopewell City,27,24,,,,,
Virginia,Isle of Wight,33,18,,,,,
Virginia,James City,35,9,,,,,
Virginia,King and Queen,,,,,,,
Virginia,King George,18,14,,,,,
Virginia,King William,16,19,,,,,
Virginia,Lancaster,10,18,,,,,
Virginia,Lee,20,17,,,,,
Virginia,Lexington City,,,,,,,
Virginia,Loudoun,122,6,,,6,,9
Virginia,Louisa,39,22,,,,,
Virginia,Lunenburg,15,25,,,,,
Virginia,Lynchburg City,44,11,,,15,,10
Virginia,Madison,19,29,,,,,
Virginia,Manassas City,17,8,,,,,
Virginia,Manassas Park City,,,,,,,
Virginia,Martinsville City,17,26,,,,,
Virginia,Mathews,,,,,,,
Virginia,Mecklenburg,27,18,,,,,
Virginia,Middlesex,,,,,,,
Virginia,Montgomery,35,7,,,,,
Virginia,Nelson,13,17,,,,,
Virginia,New Kent,17,16,,,,,
Virginia,Newport News City,171,19,,,29,,12
Virginia,Norfolk City,250,20,,,30,,16
Virginia,Northampton,13,22,,,,,
Virginia,Northumberland,,,,,,,
Virginia,Norton City,,,,,,,
Virginia,Nottoway,,,,,,,
Virginia,Orange,21,12,,,,,
Virginia,Page,17,14,,,,,
Virginia,Patrick,19,21,,,,,
Virginia,Petersburg City,77,48,,,,,
Virginia,Pittsylvania,61,20,,,19,,21
Virginia,Poquoson City,,,,,,,
Virginia,Portsmouth City,119,25,,,30,,22
Virginia,Powhatan,18,13,,,,,
Virginia,Prince Edward,16,14,,,,,
Virginia,Prince George,23,12,,,,,
Virginia,Prince William,160,7,,,9,4,8
Virginia,Pulaski,27,16,,,,,
Virginia,Radford City,,,,,,,
Virginia,Rappahannock,,,,,,,
Virginia,Richmond,,,,,,,
Virginia,Richmond City,255,23,,,37,,8
Virginia,Roanoke,62,13,,,,,
Virginia,Roanoke City,96,19,,,27,,18
Virginia,Rockbridge,16,14,,,,,
Virginia,Rockingham,48,12,,,,,
Virginia,Russell,23,17,,,,,
Virginia,Salem City,21,16,,,,,
Virginia,Scott,34,31,,,,,
Virginia,Shenandoah,34,16,,,,,
Virginia,Smyth,29,19,,,,,
Virginia,Southampton,11,12,,,,,
Virginia,Spotsylvania,66,10,,,11,,11
Virginia,Stafford,66,9,,,,,
Virginia,Staunton City,19,15,,,,,
Virginia,Suffolk City,46,10,,,12,,9
Virginia,Surry,,,,,,,
Virginia,Sussex,,,,,,,
Virginia,Tazewell,36,17,,,,,
Virginia,Virginia Beach City,266,12,,,14,,13
Virginia,Warren,31,16,,,,,
Virginia,Washington,48,18,,,,,
Virginia,Waynesboro City,16,14,,,,,
Virginia,Westmoreland,10,11,,,,,
Virginia,Williamsburg City,,,,,,,
Virginia,Winchester City,11,8,,,,,
Virginia,Wise,32,17,,,,,
Virginia,Wythe,22,15,,,,,
Virginia,York,28,8,,,,,
Washington,Adams,,,,,,,
Washington,Asotin,22,20,,,,,
Washington,Benton,115,12,,,,8,13
Washington,Chelan,47,12,,,,9,14
Washington,Clallam,73,19,,,,,
Washington,Clark,223,9,,,24,7,10
Washington,Columbia,,,,,,,
Washington,Cowlitz,77,14,,,,,
Washington,Douglas,22,10,,,,,
Washington,Ferry,10,26,,,,,
Washington,Franklin,39,8,,,,7,10
Washington,Garfield,,,,,,,
Washington,Grant,51,11,,,,7,13
Washington,Grays Harbor,56,15,,,,,
Washington,Island,47,11,,,,,
Washington,Jefferson,21,13,,,,,
Washington,King,860,8,15,4,17,8,8
Washington,Kitsap,135,10,,,,,
Washington,Kittitas,29,13,,,,,
Washington,Klickitat,16,15,,,,,
Washington,Lewis,60,15,,,,,
Washington,Lincoln,11,21,,,,,
Washington,Mason,62,19,,,,,
Washington,Okanogan,34,16,,,,,
Washington,Pacific,13,12,,,,,
Washington,Pend Oreille,,,,,,,
Washington,Pierce,553,13,18,7,20,8,13
Washington,San Juan,,,,,,,
Washington,Skagit,72,11,,,,,
Washington,Skamania,,,,,,,
Washington,Snohomish,344,9,,2,,6,10
Washington,Spokane,314,12,,,25,,13
Washington,Stevens,36,16,,,,,
Washington,Thurston,151,11,,,,,
Washington,Wahkiakum,,,,,,,
Washington,Walla Walla,38,13,,,,,
Washington,Whatcom,119,11,,,,,
Washington,Whitman,20,8,,,,,
Washington,Yakima,197,16,41,,,14,16
West Virginia,Barbour,15,18,,,,,
West Virginia,Berkeley,96,17,,,21,,17
West Virginia,Boone,22,20,,,,,
West Virginia,Braxton,21,30,,,,,
West Virginia,Brooke,12,11,,,,,
West Virginia,Cabell,83,18,,,50,,15
West Virginia,Calhoun,,,,,,,
West Virginia,Clay,15,34,,,,,
West Virginia,Doddridge,10,24,,,,,
West Virginia,Fayette,33,15,,,,,
West Virginia,Gilmer,,,,,,,
West Virginia,Grant,,,,,,,
West Virginia,Greenbrier,35,20,,,,,
West Virginia,Hampshire,17,15,,,,,
West Virginia,Hancock,19,13,,,,,
West Virginia,Hardy,14,20,,,,,
West Virginia,Harrison,68,20,,,,,
West Virginia,Jackson,18,12,,,,,
West Virginia,Jefferson,32,11,,,,,
West Virginia,Kanawha,202,22,,,46,,20
West Virginia,Lewis,18,22,,,,,
West Virginia,Lincoln,17,16,,,,,
West Virginia,Logan,24,14,,,,,
West Virginia,Marion,47,17,,,,,
West Virginia,Marshall,22,14,,,,,
West Virginia,Mason,25,19,,,,,
West Virginia,McDowell,36,39,,,,,
West Virginia,Mercer,74,25,,,,,
West Virginia,Mineral,23,17,,,,,
West Virginia,Mingo,16,13,,,,,
West Virginia,Monongalia,48,9,,,,,
West Virginia,Monroe,14,21,,,,,
West Virginia,Morgan,28,32,,,,,
West Virginia,Nicholas,35,28,,,,,
West Virginia,Ohio,28,13,,,,,
West Virginia,Pendleton,,,,,,,
West Virginia,Pleasants,,,,,,,
West Virginia,Pocahontas,,,,,,,
West Virginia,Preston,22,13,,,,,
West Virginia,Putnam,34,12,,,,,
West Virginia,Raleigh,84,22,,,,,
West Virginia,Randolph,27,19,,,,,
West Virginia,Ritchie,14,29,,,,,
West Virginia,Roane,22,31,,,,,
West Virginia,Summers,15,23,,,,,
West Virginia,Taylor,10,12,,,,,
West Virginia,Tucker,,,,,,,
West Virginia,Tyler,,,,,,,
West Virginia,Upshur,12,10,,,,,
West Virginia,Wayne,31,15,,,,,
West Virginia,Webster,13,31,,,,,
West Virginia,Wetzel,11,14,,,,,
West Virginia,Wirt,,,,,,,
West Virginia,Wood,57,13,,,,,
West Virginia,Wyoming,21,20,,,,,
Wisconsin,Adams,13,13,,,,,
Wisconsin,Ashland,19,24,,,,,
Wisconsin,Barron,29,13,,,,,
Wisconsin,Bayfield,15,20,,,,,
Wisconsin,Brown,102,8,,,,,
Wisconsin,Buffalo,,,,,,,
Wisconsin,Burnett,,,,,,,
Wisconsin,Calumet,17,7,,,,,
Wisconsin,Chippewa,42,13,,,,,
Wisconsin,Clark,16,9,,,,,
Wisconsin,Columbia,34,12,,,,,
Wisconsin,Crawford,10,12,,,,,
Wisconsin,Dane,186,7,,,17,,7
Wisconsin,Dodge,36,8,,,,,
Wisconsin,Door,16,12,,,,,
Wisconsin,Douglas,22,10,,,,,
Wisconsin,Dunn,19,8,,,,,
Wisconsin,Eau Claire,65,13,,,,,
Wisconsin,Florence,,,,,,,
Wisconsin,Fond du Lac,44,9,,,,,
Wisconsin,Forest,,,,,,,
Wisconsin,Grant,30,12,,,,,
Wisconsin,Green,12,6,,,,,
Wisconsin,Green Lake,,,,,,,
Wisconsin,Iowa,,,,,,,
Wisconsin,Iron,,,,,,,
Wisconsin,Jackson,18,18,,,,,
Wisconsin,Jefferson,39,9,,,,,
Wisconsin,Juneau,15,11,,,,,
Wisconsin,Kenosha,84,10,,,,,
Wisconsin,Kewaunee,11,11,,,,,
Wisconsin,La Crosse,46,8,,,,,
Wisconsin,Lafayette,10,12,,,,,
Wisconsin,Langlade,13,14,,,,,
Wisconsin,Lincoln,16,12,,,,,
Wisconsin,Manitowoc,53,13,,,,,
Wisconsin,Marathon,64,9,,,,,
Wisconsin,Marinette,22,11,,,,,
Wisconsin,Marquette,12,16,,,,,
Wisconsin,Menominee,,,,,,,
Wisconsin,Milwaukee,843,18,,7,41,8,9
Wisconsin,Monroe,27,12,,,,,
Wisconsin,Oconto,21,11,,,,,
Wisconsin,Oneida,20,11,,,,,
Wisconsin,Outagamie,86,9,,,,,
Wisconsin,Ozaukee,29,7,,,,,
Wisconsin,Pepin,,,,,,,
Wisconsin,Pierce,15,7,,,,,
Wisconsin,Polk,30,14,,,,,
Wisconsin,Portage,26,7,,,,,
Wisconsin,Price,11,16,,,,,
Wisconsin,Racine,93,9,,,14,,10
Wisconsin,Richland,,,,,,,
Wisconsin,Rock,80,10,,,,,
Wisconsin,Rusk,11,16,,,,,
Wisconsin,Sauk,32,10,,,,,
Wisconsin,Sawyer,14,17,,,,,
Wisconsin,Shawano,13,6,,,,,
Wisconsin,Sheboygan,40,7,,,,,
Wisconsin,St. Croix,33,7,,,,,
Wisconsin,Taylor,11,11,,,,,
Wisconsin,Trempealeau,17,12,,,,,
Wisconsin,Vernon,16,10,,,,,
Wisconsin,Vilas,19,17,,,,,
Wisconsin,Walworth,50,10,,,,,
Wisconsin,Washburn,12,15,,,,,
Wisconsin,Washington,53,8,,,,,
Wisconsin,Waukesha,161,8,,,,,
Wisconsin,Waupaca,30,12,,,,,
Wisconsin,Waushara,16,13,,,,,
Wisconsin,Winnebago,75,9,,,,,
Wisconsin,Wood,38,10,,,,,
Wyoming,Albany,26,14,,,,,
Wyoming,Big Horn,,,,,,,
Wyoming,Campbell,25,11,,,,,
Wyoming,Carbon,19,25,,,,,
Wyoming,Converse,15,22,,,,,
Wyoming,Crook,,,,,,,
Wyoming,Fremont,52,26,24,,,,28
Wyoming,Goshen,12,18,,,,,
Wyoming,Hot Springs,,,,,,,
Wyoming,Johnson,,,,,,,
Wyoming,Laramie,110,22,,,,,
Wyoming,Lincoln,15,16,,,,,
Wyoming,Natrona,92,23,,,,,
Wyoming,Niobrara,,,,,,,
Wyoming,Park,36,25,,,,,
Wyoming,Platte,14,33,,,,,
Wyoming,Sheridan,26,17,,,,,
Wyoming,Sublette,15,31,,,,,
Wyoming,Sweetwater,50,23,,,,,
Wyoming,Teton,10,9,,,,,
Wyoming,Uinta,22,21,,,,,
Wyoming,Washakie,,,,,,,
Wyoming,Weston,,,,,,,
