State,County,Average Number of guns
Alabama,Autauga ,2412.552239
Alabama,Baldwin ,2412.552239
Alabama,Barbour ,2412.552239
Alabama,Bibb ,2412.552239
Alabama,Blount ,2412.552239
Alabama,Bullock ,2412.552239
Alabama,Butler ,2412.552239
Alabama,Calhoun ,2412.552239
Alabama,Chambers ,2412.552239
Alabama,Cherokee ,2412.552239
Alabama,Chilton ,2412.552239
Alabama,Choctaw ,2412.552239
Alabama,Clarke ,2412.552239
Alabama,Clay ,2412.552239
Alabama,Cleburne ,2412.552239
Alabama,Coffee ,2412.552239
Alabama,Colbert ,2412.552239
Alabama,Conecuh ,2412.552239
Alabama,Coosa ,2412.552239
Alabama,Covington ,2412.552239
Alabama,Crenshaw ,2412.552239
Alabama,Cullman ,2412.552239
Alabama,Dale ,2412.552239
Alabama,Dallas ,2412.552239
Alabama,DeKalb ,2412.552239
Alabama,Elmore ,2412.552239
Alabama,Escambia ,2412.552239
Alabama,Etowah ,2412.552239
Alabama,Fayette ,2412.552239
Alabama,Franklin ,2412.552239
Alabama,Geneva ,2412.552239
Alabama,Greene ,2412.552239
Alabama,Hale ,2412.552239
Alabama,Henry ,2412.552239
Alabama,Houston ,2412.552239
Alabama,Jackson ,2412.552239
Alabama,Jefferson ,2412.552239
Alabama,Lamar ,2412.552239
Alabama,Lauderdale ,2412.552239
Alabama,Lawrence ,2412.552239
Alabama,Lee ,2412.552239
Alabama,Limestone ,2412.552239
Alabama,Lowndes ,2412.552239
Alabama,Macon ,2412.552239
Alabama,Madison ,2412.552239
Alabama,Marengo ,2412.552239
Alabama,Marion ,2412.552239
Alabama,Marshall ,2412.552239
Alabama,Mobile ,2412.552239
Alabama,Monroe ,2412.552239
Alabama,Montgomery ,2412.552239
Alabama,Morgan ,2412.552239
Alabama,Perry ,2412.552239
Alabama,Pickens ,2412.552239
Alabama,Pike ,2412.552239
Alabama,Randolph ,2412.552239
Alabama,Russell ,2412.552239
Alabama,Shelby ,2412.552239
Alabama,St. Clair ,2412.552239
Alabama,Sumter ,2412.552239
Alabama,Talladega ,2412.552239
Alabama,Tallapoosa ,2412.552239
Alabama,Tuscaloosa ,2412.552239
Alabama,Walker ,2412.552239
Alabama,Washington County ,2412.552239
Alabama,Wilcox ,2412.552239
Alabama,Winston ,2412.552239
Alaska,Aleutians East Borough,930.8235294
Alaska,Anchorage Borough,930.8235294
Alaska,Bristol Bay Borough,930.8235294
Alaska,Denali Borough,930.8235294
Alaska,Fairbanks North Star Borough,930.8235294
Alaska,Haines Borough,930.8235294
Alaska,Juneau Borough,930.8235294
Alaska,Kenai Peninsula Borough,930.8235294
Alaska,Ketchikan Gateway Borough,930.8235294
Alaska,Kodiak Island Borough,930.8235294
Alaska,Lake and Peninsula Borough,930.8235294
Alaska,Matanuska-Susitna Borough,930.8235294
Alaska,North Slope Borough,930.8235294
Alaska,Northwest Arctic Borough,930.8235294
Alaska,Sitka Borough,930.8235294
Alaska,Southeast Fairbanks Borough,930.8235294
Alaska,Yakutat Borough,930.8235294
Arizona,Apache,11982.53333
Arizona,Cochise,11958.53333
Arizona,Coconino,11958.53333
Arizona,Gila,11958.53333
Arizona,Graham,11958.53333
Arizona,Greenlee,11958.53333
Arizona,La Paz,11958.53333
Arizona,Maricopa,11958.53333
Arizona,Mohave,11958.53333
Arizona,Navajo,11958.53333
Arizona,Pima,11958.53333
Arizona,Pinal,11958.53333
Arizona,Santa Cruz,11958.53333
Arizona,Yavapai,11958.53333
Arizona,Yuma,11958.53333
Arkansas,Arkansas County,1064.546667
Arkansas,Ashley,1064.546667
Arkansas,Baxter,1064.546667
Arkansas,Benton,1064.546667
Arkansas,Boone,1064.546667
Arkansas,Bradley,1064.546667
Arkansas,Calhoun,1064.546667
Arkansas,Carroll,1064.546667
Arkansas,Chicot,1064.546667
Arkansas,Clark,1064.546667
Arkansas,Clay,1064.546667
Arkansas,Cleburne,1064.546667
Arkansas,Cleveland,1064.546667
Arkansas,Columbia,1064.546667
Arkansas,Conway,1064.546667
Arkansas,Craighead,1064.546667
Arkansas,Crawford,1064.546667
Arkansas,Crittenden,1064.546667
Arkansas,Cross,1064.546667
Arkansas,Dallas,1064.546667
Arkansas,Desha,1064.546667
Arkansas,Drew,1064.546667
Arkansas,Faulkner,1064.546667
Arkansas,Franklin,1064.546667
Arkansas,Fulton,1064.546667
Arkansas,Garland,1064.546667
Arkansas,Grant,1064.546667
Arkansas,Greene,1064.546667
Arkansas,Hempstead,1064.546667
Arkansas,Hot Spring,1064.546667
Arkansas,Howard,1064.546667
Arkansas,Independence,1064.546667
Arkansas,Izard,1064.546667
Arkansas,Jackson,1064.546667
Arkansas,Jefferson,1064.546667
Arkansas,Johnson,1064.546667
Arkansas,Lafayette,1064.546667
Arkansas,Lawrence,1064.546667
Arkansas,Lee,1064.546667
Arkansas,Lincoln,1064.546667
Arkansas,Little River,1064.546667
Arkansas,Logan,1064.546667
Arkansas,Lonoke,1064.546667
Arkansas,Madison,1064.546667
Arkansas,Marion,1064.546667
Arkansas,Miller,1064.546667
Arkansas,Mississippi County,1064.546667
Arkansas,Monroe,1064.546667
Arkansas,Montgomery,1064.546667
Arkansas,Nevada County,1064.546667
Arkansas,Newton,1064.546667
Arkansas,Ouachita,1064.546667
Arkansas,Perry,1064.546667
Arkansas,Phillips,1064.546667
Arkansas,Pike,1064.546667
Arkansas,Poinsett,1064.546667
Arkansas,Polk,1064.546667
Arkansas,Pope,1064.546667
Arkansas,Prairie,1064.546667
Arkansas,Pulaski,1064.546667
Arkansas,Randolph,1064.546667
Arkansas,St. Francis,1064.546667
Arkansas,Saline,1064.546667
Arkansas,Scott,1064.546667
Arkansas,Searcy,1064.546667
Arkansas,Sebastian,1064.546667
Arkansas,Sevier,1064.546667
Arkansas,Sharp,1064.546667
Arkansas,Stone,1064.546667
Arkansas,Union,1064.546667
Arkansas,Van Buren,1064.546667
Arkansas,Washington County,1064.546667
Arkansas,White,1064.546667
Arkansas,Woodruff,1064.546667
Arkansas,Yell,1064.546667
California,Alameda,5941.758621
California,Alpine,5941.758621
California,Amador,5941.758621
California,Butte,5941.758621
California,Calaveras,5941.758621
California,Colusa,5941.758621
California,Contra Costa,5941.758621
California,Del Norte,5941.758621
California,El Dorado,5941.758621
California,Fresno,5941.758621
California,Glenn,5941.758621
California,Humboldt,5941.758621
California,Imperial,5941.758621
California,Inyo,5941.758621
California,Kern,5941.758621
California,Kings,5941.758621
California,Lake,5941.758621
California,Lassen,5941.758621
California,Los Angeles,5941.758621
California,Madera,5941.758621
California,Marin,5941.758621
California,Mariposa,5941.758621
California,Mendocino,5941.758621
California,Merced,5941.758621
California,Modoc,5941.758621
California,Mono,5941.758621
California,Monterey,5941.758621
California,Napa,5941.758621
California,Nevada County,5941.758621
California,Orange,5941.758621
California,Placer,5941.758621
California,Plumas,5941.758621
California,Riverside,5941.758621
California,Sacramento,5941.758621
California,San Benito,5941.758621
California,San Bernardino,5941.758621
California,San Diego,5941.758621
California,San Francisco,5941.758621
California,San Joaquin,5941.758621
California,San Luis Obispo,5941.758621
California,San Mateo,5941.758621
California,Santa Barbara,5941.758621
California,Santa Clara,5941.758621
California,Santa Cruz,5941.758621
California,Shasta,5941.758621
California,Sierra,5941.758621
California,Siskiyou,5941.758621
California,Solano,5941.758621
California,Sonoma,5941.758621
California,Stanislaus,5941.758621
California,Sutter,5941.758621
California,Tehama,5941.758621
California,Trinity,5941.758621
California,Tulare,5941.758621
California,Tuolumne,5941.758621
California,Ventura,5941.758621
California,Yolo,5941.758621
California,Yuba,5941.758621
Colorado,Adams,1444.296875
Colorado,Alamosa,1444.296875
Colorado,Arapahoe,1444.296875
Colorado,Archuleta,1444.296875
Colorado,Baca,1444.296875
Colorado,Bent,1444.296875
Colorado,Boulder,1444.296875
Colorado,Broomfield,1444.296875
Colorado,Chaffee,1444.296875
Colorado,Cheyenne,1444.296875
Colorado,Clear Creek,1444.296875
Colorado,Conejos,1444.296875
Colorado,Costilla,1444.296875
Colorado,Crowley,1444.296875
Colorado,Custer,1444.296875
Colorado,Delta,1444.296875
Colorado,Denver,1444.296875
Colorado,Dolores,1444.296875
Colorado,Douglas,1444.296875
Colorado,Eagle,1444.296875
Colorado,Elbert,1444.296875
Colorado,El Paso,1444.296875
Colorado,Fremont,1444.296875
Colorado,Garfield,1444.296875
Colorado,Gilpin,1444.296875
Colorado,Grand,1444.296875
Colorado,Gunnison,1444.296875
Colorado,Hinsdale,1444.296875
Colorado,Huerfano,1444.296875
Colorado,Jackson,1444.296875
Colorado,Jefferson,1444.296875
Colorado,Kiowa,1444.296875
Colorado,Kit Carson,1444.296875
Colorado,Lake,1444.296875
Colorado,La Plata,1444.296875
Colorado,Larimer,1444.296875
Colorado,Las Animas,1444.296875
Colorado,Lincoln,1444.296875
Colorado,Logan,1444.296875
Colorado,Mesa,1444.296875
Colorado,Mineral,1444.296875
Colorado,Moffat,1444.296875
Colorado,Montezuma,1444.296875
Colorado,Montrose,1444.296875
Colorado,Morgan,1444.296875
Colorado,Otero,1444.296875
Colorado,Ouray,1444.296875
Colorado,Park,1444.296875
Colorado,Phillips,1444.296875
Colorado,Pitkin,1444.296875
Colorado,Prowers,1444.296875
Colorado,Pueblo,1444.296875
Colorado,Rio Blanco,1444.296875
Colorado,Rio Grande,1444.296875
Colorado,Routt,1444.296875
Colorado,Saguache,1444.296875
Colorado,San Juan,1444.296875
Colorado,San Miguel,1444.296875
Colorado,Sedgwick,1444.296875
Colorado,Summit,1444.296875
Colorado,Teller,1444.296875
Colorado,Washington County,1444.296875
Colorado,Weld,1444.296875
Colorado,Yuma,1444.296875
Connecticut,Fairfield,10300
Connecticut,Hartford,10300
Connecticut,Litchfield,10300
Connecticut,Middlesex,10300
Connecticut,New Haven,10300
Connecticut,New London,10300
Connecticut,Tolland,10300
Connecticut,Windham,10300
Delaware,Kent,1617.333333
Delaware,New Castle,1617.333333
Delaware,Sussex,1617.333333
Florida,Alachua,5123.701493
Florida,Baker,5123.701493
Florida,Bay,5123.701493
Florida,Bradford,5123.701493
Florida,Brevard,5123.701493
Florida,Broward,5123.701493
Florida,Calhoun,5123.701493
Florida,Charlotte,5123.701493
Florida,Citrus,5123.701493
Florida,Clay,5123.701493
Florida,Collier,5123.701493
Florida,Columbia,5123.701493
Florida,DeSoto,5123.701493
Florida,Dixie,5123.701493
Florida,Duval,5123.701493
Florida,Escambia,5123.701493
Florida,Flagler,5123.701493
Florida,Franklin,5123.701493
Florida,Gadsden,5123.701493
Florida,Gilchrist,5123.701493
Florida,Glades,5123.701493
Florida,Gulf,5123.701493
Florida,Hamilton,5123.701493
Florida,Hardee,5123.701493
Florida,Hendry,5123.701493
Florida,Hernando,5123.701493
Florida,Highlands,5123.701493
Florida,Hillsborough,5123.701493
Florida,Holmes,5123.701493
Florida,Indian River,5123.701493
Florida,Jackson,5123.701493
Florida,Jefferson,5123.701493
Florida,Lafayette,5123.701493
Florida,Lake,5123.701493
Florida,Lee,5123.701493
Florida,Leon,5123.701493
Florida,Levy,5123.701493
Florida,Liberty,5123.701493
Florida,Madison,5123.701493
Florida,Manatee,5123.701493
Florida,Marion,5123.701493
Florida,Martin,5123.701493
Florida,Miami-Dade,5123.701493
Florida,Monroe,5123.701493
Florida,Nassau,5123.701493
Florida,Okaloosa,5123.701493
Florida,Okeechobee,5123.701493
Florida,Orange,5123.701493
Florida,Osceola,5123.701493
Florida,Palm Beach,5123.701493
Florida,Pasco,5123.701493
Florida,Pinellas,5123.701493
Florida,Polk,5123.701493
Florida,Putnam,5123.701493
Florida,St. Johns,5123.701493
Florida,St. Lucie,5123.701493
Florida,Santa Rosa,5123.701493
Florida,Sarasota,5123.701493
Florida,Seminole,5123.701493
Florida,Sumter,5123.701493
Florida,Suwannee,5123.701493
Florida,Taylor,5123.701493
Florida,Union,5123.701493
Florida,Volusia,5123.701493
Florida,Wakulla,5123.701493
Florida,Walton,5123.701493
Florida,Washington County,5123.701493
Georgia,Appling,1195.283019
Georgia,Atkinson,1195.283019
Georgia,Bacon,1195.283019
Georgia,Baker,1195.283019
Georgia,Baldwin,1195.283019
Georgia,Banks,1195.283019
Georgia,Barrow,1195.283019
Georgia,Bartow,1195.283019
Georgia,Ben Hill,1195.283019
Georgia,Berrien,1195.283019
Georgia,Bibb,1195.283019
Georgia,Bleckley,1195.283019
Georgia,Brantley,1195.283019
Georgia,Brooks,1195.283019
Georgia,Bryan,1195.283019
Georgia,Bulloch,1195.283019
Georgia,Burke,1195.283019
Georgia,Butts,1195.283019
Georgia,Calhoun,1195.283019
Georgia,Camden,1195.283019
Georgia,Candler,1195.283019
Georgia,Carroll,1195.283019
Georgia,Catoosa,1195.283019
Georgia,Charlton,1195.283019
Georgia,Chatham,1195.283019
Georgia,Chattahoochee,1195.283019
Georgia,Chattooga,1195.283019
Georgia,Cherokee,1195.283019
Georgia,Clarke,1195.283019
Georgia,Clay,1195.283019
Georgia,Clayton,1195.283019
Georgia,Clinch,1195.283019
Georgia,Cobb,1195.283019
Georgia,Coffee,1195.283019
Georgia,Colquitt,1195.283019
Georgia,Columbia,1195.283019
Georgia,Cook,1195.283019
Georgia,Coweta,1195.283019
Georgia,Crawford,1195.283019
Georgia,Crisp,1195.283019
Georgia,Dade,1195.283019
Georgia,Dawson,1195.283019
Georgia,De Kalb,1195.283019
Georgia,Decatur,1195.283019
Georgia,Dodge,1195.283019
Georgia,Dooly,1195.283019
Georgia,Dougherty,1195.283019
Georgia,Douglas,1195.283019
Georgia,Early,1195.283019
Georgia,Echols,1195.283019
Georgia,Effingham,1195.283019
Georgia,Elbert,1195.283019
Georgia,Emanuel,1195.283019
Georgia,Evans,1195.283019
Georgia,Fannin,1195.283019
Georgia,Fayette,1195.283019
Georgia,Floyd,1195.283019
Georgia,Forsyth,1195.283019
Georgia,Franklin,1195.283019
Georgia,Fulton,1195.283019
Georgia,Gilmer,1195.283019
Georgia,Glascock,1195.283019
Georgia,Glynn,1195.283019
Georgia,Gordon,1195.283019
Georgia,Grady,1195.283019
Georgia,Greene,1195.283019
Georgia,Gwinnett,1195.283019
Georgia,Habersham,1195.283019
Georgia,Hall,1195.283019
Georgia,Hancock,1195.283019
Georgia,Haralson,1195.283019
Georgia,Harris,1195.283019
Georgia,Hart,1195.283019
Georgia,Heard,1195.283019
Georgia,Henry,1195.283019
Georgia,Houston,1195.283019
Georgia,Irwin,1195.283019
Georgia,Jackson,1195.283019
Georgia,Jasper,1195.283019
Georgia,Jeff Davis,1195.283019
Georgia,Jefferson,1195.283019
Georgia,Jenkins,1195.283019
Georgia,Johnson,1195.283019
Georgia,Jones,1195.283019
Georgia,Lamar,1195.283019
Georgia,Lanier,1195.283019
Georgia,Laurens,1195.283019
Georgia,Lee,1195.283019
Georgia,Liberty,1195.283019
Georgia,Lincoln,1195.283019
Georgia,Long,1195.283019
Georgia,Lowndes,1195.283019
Georgia,Lumpkin,1195.283019
Georgia,Macon,1195.283019
Georgia,Madison,1195.283019
Georgia,Marion,1195.283019
Georgia,McDuffie,1195.283019
Georgia,McIntosh,1195.283019
Georgia,Meriwether,1195.283019
Georgia,Miller,1195.283019
Georgia,Mitchell,1195.283019
Georgia,Monroe,1195.283019
Georgia,Montgomery,1195.283019
Georgia,Morgan,1195.283019
Georgia,Murray,1195.283019
Georgia,Muscogee,1195.283019
Georgia,Newton,1195.283019
Georgia,Oconee,1195.283019
Georgia,Oglethorpe,1195.283019
Georgia,Paulding,1195.283019
Georgia,Peach,1195.283019
Georgia,Pickens,1195.283019
Georgia,Pierce,1195.283019
Georgia,Pike,1195.283019
Georgia,Polk,1195.283019
Georgia,Pulaski,1195.283019
Georgia,Putnam,1195.283019
Georgia,Quitman,1195.283019
Georgia,Rabun,1195.283019
Georgia,Randolph,1195.283019
Georgia,Richmond,1195.283019
Georgia,Rockdale,1195.283019
Georgia,Schley,1195.283019
Georgia,Screven,1195.283019
Georgia,Seminole,1195.283019
Georgia,Spalding,1195.283019
Georgia,Stephens,1195.283019
Georgia,Stewart,1195.283019
Georgia,Sumter,1195.283019
Georgia,Talbot,1195.283019
Georgia,Taliaferro,1195.283019
Georgia,Tattnall,1195.283019
Georgia,Taylor,1195.283019
Georgia,Telfair,1195.283019
Georgia,Terrell,1195.283019
Georgia,Thomas,1195.283019
Georgia,Tift,1195.283019
Georgia,Toombs,1195.283019
Georgia,Towns,1195.283019
Georgia,Treutlen,1195.283019
Georgia,Troup,1195.283019
Georgia,Turner,1195.283019
Georgia,Twiggs,1195.283019
Georgia,Union,1195.283019
Georgia,Upson,1195.283019
Georgia,Walker,1195.283019
Georgia,Walton,1195.283019
Georgia,Ware,1195.283019
Georgia,Warren,1195.283019
Georgia,Washington County,1195.283019
Georgia,Wayne,1195.283019
Georgia,Webster,1195.283019
Georgia,Wheeler,1195.283019
Georgia,White,1195.283019
Georgia,Whitfield,1195.283019
Georgia,Wilcox,1195.283019
Georgia,Wilkes,1195.283019
Georgia,Wilkinson,1195.283019
Georgia,Worth,1195.283019
Hawaii,Hawaii County,1571.8
Hawaii,Honolulu,1571.8
Hawaii,Kalawao,1571.8
Hawaii,Kauai,1571.8
Hawaii,Maui,1571.8
Idaho,Ada,1126.5
Idaho,Adams,1126.5
Idaho,Bannock,1126.5
Idaho,Bear Lake,1126.5
Idaho,Benewah,1126.5
Idaho,Bingham,1126.5
Idaho,Blaine,1126.5
Idaho,Boise,1126.5
Idaho,Bonner,1126.5
Idaho,Bonneville,1126.5
Idaho,Boundary,1126.5
Idaho,Butte,1126.5
Idaho,Camas,1126.5
Idaho,Canyon,1126.5
Idaho,Caribou,1126.5
Idaho,Cassia,1126.5
Idaho,Clark,1126.5
Idaho,Clearwater,1126.5
Idaho,Custer,1126.5
Idaho,Elmore,1126.5
Idaho,Franklin,1126.5
Idaho,Fremont,1126.5
Idaho,Gem,1126.5
Idaho,Gooding,1126.5
Idaho,Idaho County,1126.5
Idaho,Jefferson,1126.5
Idaho,Jerome,1126.5
Idaho,Kootenai,1126.5
Idaho,Latah,1126.5
Idaho,Lemhi,1126.5
Idaho,Lewis,1126.5
Idaho,Lincoln,1126.5
Idaho,Madison,1126.5
Idaho,Minidoka,1126.5
Idaho,Nez Perce,1126.5
Idaho,Oneida,1126.5
Idaho,Owyhee,1126.5
Idaho,Payette,1126.5
Idaho,Power,1126.5
Idaho,Shoshone,1126.5
Idaho,Teton,1126.5
Idaho,Twin Falls,1126.5
Idaho,Valley,1126.5
Idaho,Washington County,1126.5
Illinois,Adams,1436.147059
Illinois,Alexander,1436.147059
Illinois,Bond,1436.147059
Illinois,Boone,1436.147059
Illinois,Brown,1436.147059
Illinois,Bureau,1436.147059
Illinois,Calhoun,1436.147059
Illinois,Carroll,1436.147059
Illinois,Cass,1436.147059
Illinois,Champaign,1436.147059
Illinois,Christian,1436.147059
Illinois,Clark,1436.147059
Illinois,Clay,1436.147059
Illinois,Clinton,1436.147059
Illinois,Coles,1436.147059
Illinois,Cook,1436.147059
Illinois,Crawford,1436.147059
Illinois,Cumberland,1436.147059
Illinois,DeKalb,1436.147059
Illinois,De Witt,1436.147059
Illinois,Douglas,1436.147059
Illinois,DuPage,1436.147059
Illinois,Edgar,1436.147059
Illinois,Edwards,1436.147059
Illinois,Effingham,1436.147059
Illinois,Fayette,1436.147059
Illinois,Ford,1436.147059
Illinois,Franklin,1436.147059
Illinois,Fulton,1436.147059
Illinois,Gallatin,1436.147059
Illinois,Greene,1436.147059
Illinois,Grundy,1436.147059
Illinois,Hamilton,1436.147059
Illinois,Hancock,1436.147059
Illinois,Hardin,1436.147059
Illinois,Henderson,1436.147059
Illinois,Henry,1436.147059
Illinois,Iroquois,1436.147059
Illinois,Jackson,1436.147059
Illinois,Jasper,1436.147059
Illinois,Jefferson,1436.147059
Illinois,Jersey,1436.147059
Illinois,Jo Daviess,1436.147059
Illinois,Johnson,1436.147059
Illinois,Kane,1436.147059
Illinois,Kankakee,1436.147059
Illinois,Kendall,1436.147059
Illinois,Knox,1436.147059
Illinois,La Salle,1436.147059
Illinois,Lake,1436.147059
Illinois,Lawrence,1436.147059
Illinois,Lee,1436.147059
Illinois,Livingston,1436.147059
Illinois,Logan,1436.147059
Illinois,McDonough,1436.147059
Illinois,McHenry,1436.147059
Illinois,McLean,1436.147059
Illinois,Macon,1436.147059
Illinois,Macoupin,1436.147059
Illinois,Madison,1436.147059
Illinois,Marion,1436.147059
Illinois,Marshall,1436.147059
Illinois,Mason,1436.147059
Illinois,Massac,1436.147059
Illinois,Menard,1436.147059
Illinois,Mercer,1436.147059
Illinois,Monroe,1436.147059
Illinois,Montgomery,1436.147059
Illinois,Morgan,1436.147059
Illinois,Moultrie,1436.147059
Illinois,Ogle,1436.147059
Illinois,Peoria,1436.147059
Illinois,Perry,1436.147059
Illinois,Piatt,1436.147059
Illinois,Pike,1436.147059
Illinois,Pope,1436.147059
Illinois,Pulaski,1436.147059
Illinois,Putnam,1436.147059
Illinois,Randolph,1436.147059
Illinois,Richland,1436.147059
Illinois,Rock Island,1436.147059
Illinois,Saline,1436.147059
Illinois,Sangamon,1436.147059
Illinois,Schuyler,1436.147059
Illinois,Scott,1436.147059
Illinois,Shelby,1436.147059
Illinois,St. Clair,1436.147059
Illinois,Stark,1436.147059
Illinois,Stephenson,1436.147059
Illinois,Tazewell,1436.147059
Illinois,Union,1436.147059
Illinois,Vermilion,1436.147059
Illinois,Wabash,1436.147059
Illinois,Warren,1436.147059
Illinois,Washington County,1436.147059
Illinois,Wayne,1436.147059
Illinois,White,1436.147059
Illinois,Whiteside,1436.147059
Illinois,Will,1436.147059
Illinois,Williamson,1436.147059
Illinois,Winnebago,1436.147059
Illinois,Woodford,1436.147059
Indiana,Adams,1239.336957
Indiana,Allen,1239.336957
Indiana,Bartholomew,1239.336957
Indiana,Benton,1239.336957
Indiana,Blackford,1239.336957
Indiana,Boone,1239.336957
Indiana,Brown,1239.336957
Indiana,Carroll,1239.336957
Indiana,Cass,1239.336957
Indiana,Clark,1239.336957
Indiana,Clay,1239.336957
Indiana,Clinton,1239.336957
Indiana,Crawford,1239.336957
Indiana,Daviess,1239.336957
Indiana,Dearborn,1239.336957
Indiana,Decatur,1239.336957
Indiana,De Kalb,1239.336957
Indiana,Delaware County,1239.336957
Indiana,Dubois,1239.336957
Indiana,Elkhart,1239.336957
Indiana,Fayette,1239.336957
Indiana,Floyd,1239.336957
Indiana,Fountain,1239.336957
Indiana,Franklin,1239.336957
Indiana,Fulton,1239.336957
Indiana,Gibson,1239.336957
Indiana,Grant,1239.336957
Indiana,Greene,1239.336957
Indiana,Hamilton,1239.336957
Indiana,Hancock,1239.336957
Indiana,Harrison,1239.336957
Indiana,Hendricks,1239.336957
Indiana,Henry,1239.336957
Indiana,Howard,1239.336957
Indiana,Huntington,1239.336957
Indiana,Jackson,1239.336957
Indiana,Jasper,1239.336957
Indiana,Jay,1239.336957
Indiana,Jefferson,1239.336957
Indiana,Jennings,1239.336957
Indiana,Johnson,1239.336957
Indiana,Knox,1239.336957
Indiana,Kosciusko,1239.336957
Indiana,La Porte,1239.336957
Indiana,Lagrange,1239.336957
Indiana,Lake,1239.336957
Indiana,Lawrence,1239.336957
Indiana,Madison,1239.336957
Indiana,Marion,1239.336957
Indiana,Marshall,1239.336957
Indiana,Martin,1239.336957
Indiana,Miami,1239.336957
Indiana,Monroe,1239.336957
Indiana,Montgomery,1239.336957
Indiana,Morgan,1239.336957
Indiana,Newton,1239.336957
Indiana,Noble,1239.336957
Indiana,Ohio County,1239.336957
Indiana,Orange,1239.336957
Indiana,Owen,1239.336957
Indiana,Parke,1239.336957
Indiana,Perry,1239.336957
Indiana,Pike,1239.336957
Indiana,Porter,1239.336957
Indiana,Posey,1239.336957
Indiana,Pulaski,1239.336957
Indiana,Putnam,1239.336957
Indiana,Randolph,1239.336957
Indiana,Ripley,1239.336957
Indiana,Rush,1239.336957
Indiana,St. Joseph,1239.336957
Indiana,Scott,1239.336957
Indiana,Shelby,1239.336957
Indiana,Spencer,1239.336957
Indiana,Starke,1239.336957
Indiana,Steuben,1239.336957
Indiana,Sullivan,1239.336957
Indiana,Switzerland,1239.336957
Indiana,Tippecanoe,1239.336957
Indiana,Tipton,1239.336957
Indiana,Union,1239.336957
Indiana,Vanderburgh,1239.336957
Indiana,Vermillion,1239.336957
Indiana,Vigo,1239.336957
Indiana,Wabash,1239.336957
Indiana,Warren,1239.336957
Indiana,Warrick,1239.336957
Indiana,Washington County,1239.336957
Indiana,Wayne,1239.336957
Indiana,Wells,1239.336957
Indiana,White,1239.336957
Indiana,Whitley,1239.336957
Iowa,Adair,287.8181818
Iowa,Adams,287.8181818
Iowa,Allamakee,287.8181818
Iowa,Appanoose,287.8181818
Iowa,Audubon,287.8181818
Iowa,Benton,287.8181818
Iowa,Black Hawk,287.8181818
Iowa,Boone,287.8181818
Iowa,Bremer,287.8181818
Iowa,Buchanan,287.8181818
Iowa,Buena Vista,287.8181818
Iowa,Butler,287.8181818
Iowa,Calhoun,287.8181818
Iowa,Carroll,287.8181818
Iowa,Cass,287.8181818
Iowa,Cedar,287.8181818
Iowa,Cerro Gordo,287.8181818
Iowa,Cherokee,287.8181818
Iowa,Chickasaw,287.8181818
Iowa,Clarke,287.8181818
Iowa,Clay,287.8181818
Iowa,Clayton,287.8181818
Iowa,Clinton,287.8181818
Iowa,Crawford,287.8181818
Iowa,Dallas,287.8181818
Iowa,Davis,287.8181818
Iowa,Decatur,287.8181818
Iowa,Delaware County,287.8181818
Iowa,Des Moines,287.8181818
Iowa,Dickinson,287.8181818
Iowa,Dubuque,287.8181818
Iowa,Emmet,287.8181818
Iowa,Fayette,287.8181818
Iowa,Floyd,287.8181818
Iowa,Franklin,287.8181818
Iowa,Fremont,287.8181818
Iowa,Greene,287.8181818
Iowa,Grundy,287.8181818
Iowa,Guthrie,287.8181818
Iowa,Hamilton,287.8181818
Iowa,Hancock,287.8181818
Iowa,Hardin,287.8181818
Iowa,Harrison,287.8181818
Iowa,Henry,287.8181818
Iowa,Howard,287.8181818
Iowa,Humboldt,287.8181818
Iowa,Ida,287.8181818
Iowa,Iowa County,287.8181818
Iowa,Jackson,287.8181818
Iowa,Jasper,287.8181818
Iowa,Jefferson,287.8181818
Iowa,Johnson,287.8181818
Iowa,Jones,287.8181818
Iowa,Keokuk,287.8181818
Iowa,Kossuth,287.8181818
Iowa,Lee,287.8181818
Iowa,Linn,287.8181818
Iowa,Louisa,287.8181818
Iowa,Lucas,287.8181818
Iowa,Lyon,287.8181818
Iowa,Madison,287.8181818
Iowa,Mahaska,287.8181818
Iowa,Marion,287.8181818
Iowa,Marshall,287.8181818
Iowa,Mills,287.8181818
Iowa,Mitchell,287.8181818
Iowa,Monona,287.8181818
Iowa,Monroe,287.8181818
Iowa,Montgomery,287.8181818
Iowa,Muscatine,287.8181818
Iowa,O'Brien,287.8181818
Iowa,Osceola,287.8181818
Iowa,Page,287.8181818
Iowa,Palo Alto,287.8181818
Iowa,Plymouth,287.8181818
Iowa,Pocahontas,287.8181818
Iowa,Polk,287.8181818
Iowa,Pottawattamie,287.8181818
Iowa,Poweshiek,287.8181818
Iowa,Ringgold,287.8181818
Iowa,Sac,287.8181818
Iowa,Scott,287.8181818
Iowa,Shelby,287.8181818
Iowa,Sioux,287.8181818
Iowa,Story,287.8181818
Iowa,Tama,287.8181818
Iowa,Taylor,287.8181818
Iowa,Union,287.8181818
Iowa,Van Buren,287.8181818
Iowa,Wapello,287.8181818
Iowa,Warren,287.8181818
Iowa,Washington County,287.8181818
Iowa,Wayne,287.8181818
Iowa,Webster,287.8181818
Iowa,Winnebago,287.8181818
Iowa,Winneshiek,287.8181818
Iowa,Woodbury,287.8181818
Iowa,Worth,287.8181818
Iowa,Wright,287.8181818
Kansas,Allen,501.2761905
Kansas,Anderson,501.2761905
Kansas,Atchison,501.2761905
Kansas,Barber,501.2761905
Kansas,Barton,501.2761905
Kansas,Bourbon,501.2761905
Kansas,Brown,501.2761905
Kansas,Butler,501.2761905
Kansas,Chase,501.2761905
Kansas,Chautauqua,501.2761905
Kansas,Cherokee,501.2761905
Kansas,Cheyenne,501.2761905
Kansas,Clark,501.2761905
Kansas,Clay,501.2761905
Kansas,Cloud,501.2761905
Kansas,Coffey,501.2761905
Kansas,Comanche,501.2761905
Kansas,Cowley,501.2761905
Kansas,Crawford,501.2761905
Kansas,Decatur,501.2761905
Kansas,Dickinson,501.2761905
Kansas,Doniphan,501.2761905
Kansas,Douglas,501.2761905
Kansas,Edwards,501.2761905
Kansas,Elk,501.2761905
Kansas,Ellis,501.2761905
Kansas,Ellsworth,501.2761905
Kansas,Finney,501.2761905
Kansas,Ford,501.2761905
Kansas,Franklin,501.2761905
Kansas,Geary,501.2761905
Kansas,Gove,501.2761905
Kansas,Graham,501.2761905
Kansas,Grant,501.2761905
Kansas,Gray,501.2761905
Kansas,Greeley,501.2761905
Kansas,Greenwood,501.2761905
Kansas,Hamilton,501.2761905
Kansas,Harper,501.2761905
Kansas,Harvey,501.2761905
Kansas,Haskell,501.2761905
Kansas,Hodgeman,501.2761905
Kansas,Jackson,501.2761905
Kansas,Jefferson,501.2761905
Kansas,Jewell,501.2761905
Kansas,Johnson,501.2761905
Kansas,Kearny,501.2761905
Kansas,Kingman,501.2761905
Kansas,Kiowa,501.2761905
Kansas,Labette,501.2761905
Kansas,Lane,501.2761905
Kansas,Leavenworth,501.2761905
Kansas,Lincoln,501.2761905
Kansas,Linn,501.2761905
Kansas,Logan,501.2761905
Kansas,Lyon,501.2761905
Kansas,Marion,501.2761905
Kansas,Marshall,501.2761905
Kansas,McPherson,501.2761905
Kansas,Meade,501.2761905
Kansas,Miami,501.2761905
Kansas,Mitchell,501.2761905
Kansas,Montgomery,501.2761905
Kansas,Morris,501.2761905
Kansas,Morton,501.2761905
Kansas,Nemaha,501.2761905
Kansas,Neosho,501.2761905
Kansas,Ness,501.2761905
Kansas,Norton,501.2761905
Kansas,Osage,501.2761905
Kansas,Osborne,501.2761905
Kansas,Ottawa,501.2761905
Kansas,Pawnee,501.2761905
Kansas,Phillips,501.2761905
Kansas,Pottawatomie,501.2761905
Kansas,Pratt,501.2761905
Kansas,Rawlins,501.2761905
Kansas,Reno,501.2761905
Kansas,Republic,501.2761905
Kansas,Rice,501.2761905
Kansas,Riley,501.2761905
Kansas,Rooks,501.2761905
Kansas,Rush,501.2761905
Kansas,Russell,501.2761905
Kansas,Saline,501.2761905
Kansas,Scott,501.2761905
Kansas,Sedgwick,501.2761905
Kansas,Seward,501.2761905
Kansas,Shawnee,501.2761905
Kansas,Sheridan,501.2761905
Kansas,Sherman,501.2761905
Kansas,Smith,501.2761905
Kansas,Stafford,501.2761905
Kansas,Stanton,501.2761905
Kansas,Stevens,501.2761905
Kansas,Sumner,501.2761905
Kansas,Thomas,501.2761905
Kansas,Trego,501.2761905
Kansas,Wabaunsee,501.2761905
Kansas,Wallace,501.2761905
Kansas,Washington County,501.2761905
Kansas,Wichita,501.2761905
Kansas,Wilson,501.2761905
Kansas,Woodson,501.2761905
Kansas,Wyandotte,501.2761905
Kentucky,Adair,675.4833333
Kentucky,Allen,675.4833333
Kentucky,Anderson,675.4833333
Kentucky,Ballard,675.4833333
Kentucky,Barren,675.4833333
Kentucky,Bath,675.4833333
Kentucky,Bell,675.4833333
Kentucky,Boone,675.4833333
Kentucky,Bourbon,675.4833333
Kentucky,Boyd,675.4833333
Kentucky,Boyle,675.4833333
Kentucky,Bracken,675.4833333
Kentucky,Breathitt,675.4833333
Kentucky,Breckinridge,675.4833333
Kentucky,Bullitt,675.4833333
Kentucky,Butler,675.4833333
Kentucky,Caldwell,675.4833333
Kentucky,Calloway,675.4833333
Kentucky,Campbell,675.4833333
Kentucky,Carlisle,675.4833333
Kentucky,Carroll,675.4833333
Kentucky,Carter,675.4833333
Kentucky,Casey,675.4833333
Kentucky,Christian,675.4833333
Kentucky,Clark,675.4833333
Kentucky,Clay,675.4833333
Kentucky,Clinton,675.4833333
Kentucky,Crittenden,675.4833333
Kentucky,Cumberland,675.4833333
Kentucky,Daviess,675.4833333
Kentucky,Edmonson,675.4833333
Kentucky,Elliott,675.4833333
Kentucky,Estill,675.4833333
Kentucky,Fayette,675.4833333
Kentucky,Fleming,675.4833333
Kentucky,Floyd,675.4833333
Kentucky,Franklin,675.4833333
Kentucky,Fulton,675.4833333
Kentucky,Gallatin,675.4833333
Kentucky,Garrard,675.4833333
Kentucky,Grant,675.4833333
Kentucky,Graves,675.4833333
Kentucky,Grayson,675.4833333
Kentucky,Green,675.4833333
Kentucky,Greenup,675.4833333
Kentucky,Hancock,675.4833333
Kentucky,Hardin,675.4833333
Kentucky,Harlan,675.4833333
Kentucky,Harrison,675.4833333
Kentucky,Hart,675.4833333
Kentucky,Henderson,675.4833333
Kentucky,Henry,675.4833333
Kentucky,Hickman,675.4833333
Kentucky,Hopkins,675.4833333
Kentucky,Jackson,675.4833333
Kentucky,Jefferson,675.4833333
Kentucky,Jessamine,675.4833333
Kentucky,Johnson,675.4833333
Kentucky,Kenton,675.4833333
Kentucky,Knott,675.4833333
Kentucky,Knox,675.4833333
Kentucky,LaRue,675.4833333
Kentucky,Laurel,675.4833333
Kentucky,Lawrence,675.4833333
Kentucky,Lee,675.4833333
Kentucky,Leslie,675.4833333
Kentucky,Letcher,675.4833333
Kentucky,Lewis,675.4833333
Kentucky,Lincoln,675.4833333
Kentucky,Livingston,675.4833333
Kentucky,Logan,675.4833333
Kentucky,Lyon,675.4833333
Kentucky,McCracken,675.4833333
Kentucky,McCreary,675.4833333
Kentucky,McLean,675.4833333
Kentucky,Madison,675.4833333
Kentucky,Magoffin,675.4833333
Kentucky,Marion,675.4833333
Kentucky,Marshall,675.4833333
Kentucky,Martin,675.4833333
Kentucky,Mason,675.4833333
Kentucky,Meade,675.4833333
Kentucky,Menifee,675.4833333
Kentucky,Mercer,675.4833333
Kentucky,Metcalfe,675.4833333
Kentucky,Monroe,675.4833333
Kentucky,Montgomery,675.4833333
Kentucky,Morgan,675.4833333
Kentucky,Muhlenberg,675.4833333
Kentucky,Nelson,675.4833333
Kentucky,Nicholas,675.4833333
Kentucky,Ohio County,675.4833333
Kentucky,Oldham,675.4833333
Kentucky,Owen,675.4833333
Kentucky,Owsley,675.4833333
Kentucky,Pendleton,675.4833333
Kentucky,Perry,675.4833333
Kentucky,Pike,675.4833333
Kentucky,Powell,675.4833333
Kentucky,Pulaski,675.4833333
Kentucky,Robertson,675.4833333
Kentucky,Rockcastle,675.4833333
Kentucky,Rowan,675.4833333
Kentucky,Russell,675.4833333
Kentucky,Scott,675.4833333
Kentucky,Shelby,675.4833333
Kentucky,Simpson,675.4833333
Kentucky,Spencer,675.4833333
Kentucky,Taylor,675.4833333
Kentucky,Todd,675.4833333
Kentucky,Trigg,675.4833333
Kentucky,Trimble,675.4833333
Kentucky,Union,675.4833333
Kentucky,Warren,675.4833333
Kentucky,Washington County,675.4833333
Kentucky,Wayne,675.4833333
Kentucky,Webster,675.4833333
Kentucky,Whitley,675.4833333
Kentucky,Wolfe,675.4833333
Kentucky,Woodford,675.4833333
Louisiana,Acadia,1825.484375
Louisiana,Allen,1825.484375
Louisiana,Ascension,1825.484375
Louisiana,Assumption,1825.484375
Louisiana,Avoyelles,1825.484375
Louisiana,Beauregard,1825.484375
Louisiana,Bienville,1825.484375
Louisiana,Bossier,1825.484375
Louisiana,Caddo,1825.484375
Louisiana,Calcasieu,1825.484375
Louisiana,Caldwell,1825.484375
Louisiana,Cameron,1825.484375
Louisiana,Catahoula,1825.484375
Louisiana,Claiborne,1825.484375
Louisiana,Concordia,1825.484375
Louisiana,De Soto,1825.484375
Louisiana,East Baton Rouge,1825.484375
Louisiana,East Carroll,1825.484375
Louisiana,East Feliciana,1825.484375
Louisiana,Evangeline,1825.484375
Louisiana,Franklin,1825.484375
Louisiana,Grant,1825.484375
Louisiana,Iberia,1825.484375
Louisiana,Iberville,1825.484375
Louisiana,Jackson,1825.484375
Louisiana,Jefferson,1825.484375
Louisiana,Jefferson Davis,1825.484375
Louisiana,La Salle,1825.484375
Louisiana,Lafayette,1825.484375
Louisiana,Lafourche,1825.484375
Louisiana,Lincoln,1825.484375
Louisiana,Livingston,1825.484375
Louisiana,Madison,1825.484375
Louisiana,Morehouse,1825.484375
Louisiana,Natchitoches,1825.484375
Louisiana,Orleans,1825.484375
Louisiana,Ouachita,1825.484375
Louisiana,Plaquemines,1825.484375
Louisiana,Pointe Coupee,1825.484375
Louisiana,Rapides,1825.484375
Louisiana,Red River,1825.484375
Louisiana,Richland,1825.484375
Louisiana,Sabine,1825.484375
Louisiana,St. Bernard,1825.484375
Louisiana,St. Charles,1825.484375
Louisiana,St. Helena,1825.484375
Louisiana,St. James,1825.484375
Louisiana,St. John The Baptist,1825.484375
Louisiana,St. Landry,1825.484375
Louisiana,St. Martin,1825.484375
Louisiana,St. Mary,1825.484375
Louisiana,St. Tammany,1825.484375
Louisiana,Tangipahoa,1825.484375
Louisiana,Tensas,1825.484375
Louisiana,Terrebonne,1825.484375
Louisiana,Union,1825.484375
Louisiana,Vermilion,1825.484375
Louisiana,Vernon,1825.484375
Louisiana,Washington County,1825.484375
Louisiana,Webster,1825.484375
Louisiana,West Baton Rouge,1825.484375
Louisiana,West Carroll,1825.484375
Louisiana,West Feliciana,1825.484375
Louisiana,Winn,1825.484375
Maine,Androscoggin,960.6875
Maine,Aroostook,960.6875
Maine,Cumberland,960.6875
Maine,Franklin,960.6875
Maine,Hancock,960.6875
Maine,Kennebec,960.6875
Maine,Knox,960.6875
Maine,Lincoln,960.6875
Maine,Oxford,960.6875
Maine,Penobscot,960.6875
Maine,Piscataquis,960.6875
Maine,Sagadahoc,960.6875
Maine,Somerset,960.6875
Maine,Waldo,960.6875
Maine,Washington County,960.6875
Maine,York,960.6875
Maryland,Allegany,4296.208333
Maryland,Anne Arundel,4296.208333
Maryland,Baltimore,4296.208333
Maryland,Baltimore City,4296.208333
Maryland,Calvert,4296.208333
Maryland,Caroline,4296.208333
Maryland,Carroll,4296.208333
Maryland,Cecil,4296.208333
Maryland,Charles,4296.208333
Maryland,Dorchester,4296.208333
Maryland,Frederick,4296.208333
Maryland,Garrett,4296.208333
Maryland,Harford,4296.208333
Maryland,Howard,4296.208333
Maryland,Kent,4296.208333
Maryland,Montgomery,4296.208333
Maryland,Prince George's,4296.208333
Maryland,Queen Anne's,4296.208333
Maryland,St. Mary's,4296.208333
Maryland,Somerset,4296.208333
Maryland,Talbot,4296.208333
Maryland,Washington County,4296.208333
Maryland,Wicomico,4296.208333
Maryland,Worcester,4296.208333
Massachusetts,Barnstable,2653.714286
Massachusetts,Berkshire,2653.714286
Massachusetts,Bristol,2653.714286
Massachusetts,Dukes,2653.714286
Massachusetts,Essex,2653.714286
Massachusetts,Franklin,2653.714286
Massachusetts,Hampden,2653.714286
Massachusetts,Hampshire,2653.714286
Massachusetts,Middlesex,2653.714286
Massachusetts,Nantucket,2653.714286
Massachusetts,Norfolk,2653.714286
Massachusetts,Plymouth,2653.714286
Massachusetts,Suffolk,2653.714286
Massachusetts,Worcester,2653.714286
Michigan,Alcona,792.0722892
Michigan,Alger,792.0722892
Michigan,Allegan,792.0722892
Michigan,Alpena,792.0722892
Michigan,Antrim,792.0722892
Michigan,Arenac,792.0722892
Michigan,Baraga,792.0722892
Michigan,Barry,792.0722892
Michigan,Bay,792.0722892
Michigan,Benzie,792.0722892
Michigan,Berrien,792.0722892
Michigan,Branch,792.0722892
Michigan,Calhoun,792.0722892
Michigan,Cass,792.0722892
Michigan,Charlevoix,792.0722892
Michigan,Cheboygan,792.0722892
Michigan,Chippewa,792.0722892
Michigan,Clare,792.0722892
Michigan,Clinton,792.0722892
Michigan,Crawford,792.0722892
Michigan,Delta,792.0722892
Michigan,Dickinson,792.0722892
Michigan,Eaton,792.0722892
Michigan,Emmet,792.0722892
Michigan,Genesee,792.0722892
Michigan,Gladwin,792.0722892
Michigan,Gogebic,792.0722892
Michigan,Grand Traverse,792.0722892
Michigan,Gratiot,792.0722892
Michigan,Hillsdale,792.0722892
Michigan,Houghton,792.0722892
Michigan,Huron,792.0722892
Michigan,Ingham,792.0722892
Michigan,Ionia,792.0722892
Michigan,Iosco,792.0722892
Michigan,Iron,792.0722892
Michigan,Isabella,792.0722892
Michigan,Jackson,792.0722892
Michigan,Kalamazoo,792.0722892
Michigan,Kalkaska,792.0722892
Michigan,Kent,792.0722892
Michigan,Keweenaw,792.0722892
Michigan,Lake,792.0722892
Michigan,Lapeer,792.0722892
Michigan,Leelanau,792.0722892
Michigan,Lenawee,792.0722892
Michigan,Livingston,792.0722892
Michigan,Luce,792.0722892
Michigan,Mackinac,792.0722892
Michigan,Macomb,792.0722892
Michigan,Manistee,792.0722892
Michigan,Marquette,792.0722892
Michigan,Mason,792.0722892
Michigan,Mecosta,792.0722892
Michigan,Menominee,792.0722892
Michigan,Midland,792.0722892
Michigan,Missaukee,792.0722892
Michigan,Monroe,792.0722892
Michigan,Montcalm,792.0722892
Michigan,Montmorency,792.0722892
Michigan,Muskegon,792.0722892
Michigan,Newaygo,792.0722892
Michigan,Oakland,792.0722892
Michigan,Oceana,792.0722892
Michigan,Ogemaw,792.0722892
Michigan,Ontonagon,792.0722892
Michigan,Osceola,792.0722892
Michigan,Oscoda,792.0722892
Michigan,Otsego,792.0722892
Michigan,Ottawa,792.0722892
Michigan,Presque Isle,792.0722892
Michigan,Roscommon,792.0722892
Michigan,Saginaw,792.0722892
Michigan,St. Clair,792.0722892
Michigan,St. Joseph,792.0722892
Michigan,Sanilac,792.0722892
Michigan,Schoolcraft,792.0722892
Michigan,Shiawassee,792.0722892
Michigan,Tuscola,792.0722892
Michigan,Van Buren,792.0722892
Michigan,Washtenaw,792.0722892
Michigan,Wayne,792.0722892
Michigan,Wexford,792.0722892
Minnesota,Aitkin,911.5747126
Minnesota,Anoka,911.5747126
Minnesota,Becker,911.5747126
Minnesota,Beltrami,911.5747126
Minnesota,Benton,911.5747126
Minnesota,Big Stone,911.5747126
Minnesota,Blue Earth,911.5747126
Minnesota,Brown,911.5747126
Minnesota,Carlton,911.5747126
Minnesota,Carver,911.5747126
Minnesota,Cass,911.5747126
Minnesota,Chippewa,911.5747126
Minnesota,Chisago,911.5747126
Minnesota,Clay,911.5747126
Minnesota,Clearwater,911.5747126
Minnesota,Cook,911.5747126
Minnesota,Cottonwood,911.5747126
Minnesota,Crow Wing,911.5747126
Minnesota,Dakota,911.5747126
Minnesota,Dodge,911.5747126
Minnesota,Douglas,911.5747126
Minnesota,Faribault,911.5747126
Minnesota,Fillmore,911.5747126
Minnesota,Freeborn,911.5747126
Minnesota,Goodhue,911.5747126
Minnesota,Grant,911.5747126
Minnesota,Hennepin,911.5747126
Minnesota,Houston,911.5747126
Minnesota,Hubbard,911.5747126
Minnesota,Isanti,911.5747126
Minnesota,Itasca,911.5747126
Minnesota,Jackson,911.5747126
Minnesota,Kanabec,911.5747126
Minnesota,Kandiyohi,911.5747126
Minnesota,Kittson,911.5747126
Minnesota,Koochiching,911.5747126
Minnesota,Lac Qui Parle,911.5747126
Minnesota,Lake,911.5747126
Minnesota,Lake Of The Wood,911.5747126
Minnesota,Le Sueur,911.5747126
Minnesota,Lincoln,911.5747126
Minnesota,Lyon,911.5747126
Minnesota,Mahnomen,911.5747126
Minnesota,Marshall,911.5747126
Minnesota,Martin,911.5747126
Minnesota,McLeod,911.5747126
Minnesota,Meeker,911.5747126
Minnesota,Mille Lacs,911.5747126
Minnesota,Morrison,911.5747126
Minnesota,Mower,911.5747126
Minnesota,Murray,911.5747126
Minnesota,Nicollet,911.5747126
Minnesota,Nobles,911.5747126
Minnesota,Norman,911.5747126
Minnesota,Olmsted,911.5747126
Minnesota,Otter Tail,911.5747126
Minnesota,Pennington,911.5747126
Minnesota,Pine,911.5747126
Minnesota,Pipestone,911.5747126
Minnesota,Polk,911.5747126
Minnesota,Pope,911.5747126
Minnesota,Ramsey,911.5747126
Minnesota,Red Lake,911.5747126
Minnesota,Redwood,911.5747126
Minnesota,Renville,911.5747126
Minnesota,Rice,911.5747126
Minnesota,Rock,911.5747126
Minnesota,Roseau,911.5747126
Minnesota,St. Louis,911.5747126
Minnesota,Scott,911.5747126
Minnesota,Sherburne,911.5747126
Minnesota,Sibley,911.5747126
Minnesota,Stearns,911.5747126
Minnesota,Steele,911.5747126
Minnesota,Stevens,911.5747126
Minnesota,Swift,911.5747126
Minnesota,Todd,911.5747126
Minnesota,Traverse,911.5747126
Minnesota,Wabasha,911.5747126
Minnesota,Wadena,911.5747126
Minnesota,Waseca,911.5747126
Minnesota,Washington County,911.5747126
Minnesota,Watonwan,911.5747126
Minnesota,Wilkin,911.5747126
Minnesota,Winona,911.5747126
Minnesota,Wright,911.5747126
Minnesota,Yellow Medicine,911.5747126
Mississippi,Adams,432.8536585
Mississippi,Alcorn,432.8536585
Mississippi,Amite,432.8536585
Mississippi,Attala,432.8536585
Mississippi,Benton,432.8536585
Mississippi,Bolivar,432.8536585
Mississippi,Calhoun,432.8536585
Mississippi,Carroll,432.8536585
Mississippi,Chickasaw,432.8536585
Mississippi,Choctaw,432.8536585
Mississippi,Claiborne,432.8536585
Mississippi,Clarke,432.8536585
Mississippi,Clay,432.8536585
Mississippi,Coahoma,432.8536585
Mississippi,Copiah,432.8536585
Mississippi,Covington,432.8536585
Mississippi,De Soto,432.8536585
Mississippi,Forrest,432.8536585
Mississippi,Franklin,432.8536585
Mississippi,George,432.8536585
Mississippi,Greene,432.8536585
Mississippi,Grenada,432.8536585
Mississippi,Hancock,432.8536585
Mississippi,Harrison,432.8536585
Mississippi,Hinds,432.8536585
Mississippi,Holmes,432.8536585
Mississippi,Humphreys,432.8536585
Mississippi,Issaquena,432.8536585
Mississippi,Itawamba,432.8536585
Mississippi,Jackson,432.8536585
Mississippi,Jasper,432.8536585
Mississippi,Jefferson,432.8536585
Mississippi,Jefferson Davis,432.8536585
Mississippi,Jones,432.8536585
Mississippi,Kemper,432.8536585
Mississippi,Lafayette,432.8536585
Mississippi,Lamar,432.8536585
Mississippi,Lauderdale,432.8536585
Mississippi,Lawrence,432.8536585
Mississippi,Leake,432.8536585
Mississippi,Lee,432.8536585
Mississippi,Leflore,432.8536585
Mississippi,Lincoln,432.8536585
Mississippi,Lowndes,432.8536585
Mississippi,Madison,432.8536585
Mississippi,Marion,432.8536585
Mississippi,Marshall,432.8536585
Mississippi,Monroe,432.8536585
Mississippi,Montgomery,432.8536585
Mississippi,Neshoba,432.8536585
Mississippi,Newton,432.8536585
Mississippi,Noxubee,432.8536585
Mississippi,Oktibbeha,432.8536585
Mississippi,Panola,432.8536585
Mississippi,Pearl River,432.8536585
Mississippi,Perry,432.8536585
Mississippi,Pike,432.8536585
Mississippi,Pontotoc,432.8536585
Mississippi,Prentiss,432.8536585
Mississippi,Quitman,432.8536585
Mississippi,Rankin,432.8536585
Mississippi,Scott,432.8536585
Mississippi,Sharkey,432.8536585
Mississippi,Simpson,432.8536585
Mississippi,Smith,432.8536585
Mississippi,Stone,432.8536585
Mississippi,Sunflower,432.8536585
Mississippi,Tallahatchie,432.8536585
Mississippi,Tate,432.8536585
Mississippi,Tippah,432.8536585
Mississippi,Tishomingo,432.8536585
Mississippi,Tunica,432.8536585
Mississippi,Union,432.8536585
Mississippi,Walthall,432.8536585
Mississippi,Warren,432.8536585
Mississippi,Washington County,432.8536585
Mississippi,Wayne,432.8536585
Mississippi,Webster,432.8536585
Mississippi,Wilkinson,432.8536585
Mississippi,Winston,432.8536585
Mississippi,Yalobusha,432.8536585
Mississippi,Yazoo,432.8536585
Missouri,Adair,634.7391304
Missouri,Andrew,634.7391304
Missouri,Atchison,634.7391304
Missouri,Audrain,634.7391304
Missouri,Barry,634.7391304
Missouri,Barton,634.7391304
Missouri,Bates,634.7391304
Missouri,Benton,634.7391304
Missouri,Bollinger,634.7391304
Missouri,Boone,634.7391304
Missouri,Buchanan,634.7391304
Missouri,Butler,634.7391304
Missouri,Caldwell,634.7391304
Missouri,Callaway,634.7391304
Missouri,Camden,634.7391304
Missouri,Cape Girardeau,634.7391304
Missouri,Carroll,634.7391304
Missouri,Carter,634.7391304
Missouri,Cass,634.7391304
Missouri,Cedar,634.7391304
Missouri,Chariton,634.7391304
Missouri,Christian,634.7391304
Missouri,Clark,634.7391304
Missouri,Clay,634.7391304
Missouri,Clinton,634.7391304
Missouri,Cole,634.7391304
Missouri,Cooper,634.7391304
Missouri,Crawford,634.7391304
Missouri,Dade,634.7391304
Missouri,Dallas,634.7391304
Missouri,Daviess,634.7391304
Missouri,De Kalb,634.7391304
Missouri,Dent,634.7391304
Missouri,Douglas,634.7391304
Missouri,Dunklin,634.7391304
Missouri,Franklin,634.7391304
Missouri,Gasconade,634.7391304
Missouri,Gentry,634.7391304
Missouri,Greene,634.7391304
Missouri,Grundy,634.7391304
Missouri,Harrison,634.7391304
Missouri,Henry,634.7391304
Missouri,Hickory,634.7391304
Missouri,Holt,634.7391304
Missouri,Howard,634.7391304
Missouri,Howell,634.7391304
Missouri,Iron,634.7391304
Missouri,Jackson,634.7391304
Missouri,Jasper,634.7391304
Missouri,Jefferson,634.7391304
Missouri,Johnson,634.7391304
Missouri,Knox,634.7391304
Missouri,Laclede,634.7391304
Missouri,Lafayette,634.7391304
Missouri,Lawrence,634.7391304
Missouri,Lewis,634.7391304
Missouri,Lincoln,634.7391304
Missouri,Linn,634.7391304
Missouri,Livingston,634.7391304
Missouri,Macon,634.7391304
Missouri,Madison,634.7391304
Missouri,Maries,634.7391304
Missouri,Marion,634.7391304
Missouri,McDonald,634.7391304
Missouri,Mercer,634.7391304
Missouri,Miller,634.7391304
Missouri,Mississippi County,634.7391304
Missouri,Moniteau,634.7391304
Missouri,Monroe,634.7391304
Missouri,Montgomery,634.7391304
Missouri,Morgan,634.7391304
Missouri,New Madrid,634.7391304
Missouri,Newton,634.7391304
Missouri,Nodaway,634.7391304
Missouri,Oregon County,634.7391304
Missouri,Osage,634.7391304
Missouri,Ozark,634.7391304
Missouri,Pemiscot,634.7391304
Missouri,Perry,634.7391304
Missouri,Pettis,634.7391304
Missouri,Phelps,634.7391304
Missouri,Pike,634.7391304
Missouri,Platte,634.7391304
Missouri,Polk,634.7391304
Missouri,Pulaski,634.7391304
Missouri,Putnam,634.7391304
Missouri,Ralls,634.7391304
Missouri,Randolph,634.7391304
Missouri,Ray,634.7391304
Missouri,Reynolds,634.7391304
Missouri,Ripley,634.7391304
Missouri,St. Charles,634.7391304
Missouri,St. Clair,634.7391304
Missouri,Ste. Genevieve,634.7391304
Missouri,St. Francois,634.7391304
Missouri,St. Louis,634.7391304
Missouri,St. Louis City,634.7391304
Missouri,Saline,634.7391304
Missouri,Schuyler,634.7391304
Missouri,Scotland,634.7391304
Missouri,Scott,634.7391304
Missouri,Shannon,634.7391304
Missouri,Shelby,634.7391304
Missouri,Stoddard,634.7391304
Missouri,Stone,634.7391304
Missouri,Sullivan,634.7391304
Missouri,Taney,634.7391304
Missouri,Texas County,634.7391304
Missouri,Vernon,634.7391304
Missouri,Warren,634.7391304
Missouri,Washington County,634.7391304
Missouri,Wayne,634.7391304
Missouri,Webster,634.7391304
Missouri,Worth,634.7391304
Missouri,Wright,634.7391304
Montana,Beaverhead,395.2321429
Montana,Big Horn,395.2321429
Montana,Blaine,395.2321429
Montana,Broadwater,395.2321429
Montana,Carbon,395.2321429
Montana,Carter,395.2321429
Montana,Cascade,395.2321429
Montana,Chouteau,395.2321429
Montana,Custer,395.2321429
Montana,Daniels,395.2321429
Montana,Dawson,395.2321429
Montana,Deer Lodge,395.2321429
Montana,Fallon,395.2321429
Montana,Fergus,395.2321429
Montana,Flathead,395.2321429
Montana,Gallatin,395.2321429
Montana,Garfield,395.2321429
Montana,Glacier,395.2321429
Montana,Golden Valley,395.2321429
Montana,Granite,395.2321429
Montana,Hill,395.2321429
Montana,Jefferson,395.2321429
Montana,Judith Basin,395.2321429
Montana,Lake,395.2321429
Montana,Lewis And Clark,395.2321429
Montana,Liberty,395.2321429
Montana,Lincoln,395.2321429
Montana,Madison,395.2321429
Montana,McCone,395.2321429
Montana,Meagher,395.2321429
Montana,Mineral,395.2321429
Montana,Missoula,395.2321429
Montana,Musselshell,395.2321429
Montana,Park,395.2321429
Montana,Petroleum,395.2321429
Montana,Phillips,395.2321429
Montana,Pondera,395.2321429
Montana,Powder River,395.2321429
Montana,Powell,395.2321429
Montana,Prairie,395.2321429
Montana,Ravalli,395.2321429
Montana,Richland,395.2321429
Montana,Roosevelt,395.2321429
Montana,Rosebud,395.2321429
Montana,Sanders,395.2321429
Montana,Sheridan,395.2321429
Montana,Silver Bow,395.2321429
Montana,Stillwater,395.2321429
Montana,Sweet Grass,395.2321429
Montana,Teton,395.2321429
Montana,Toole,395.2321429
Montana,Treasure,395.2321429
Montana,Valley,395.2321429
Montana,Wheatland,395.2321429
Montana,Wibaux,395.2321429
Montana,Yellowstone,395.2321429
Nebraska,Adams,239.0752688
Nebraska,Antelope,239.0752688
Nebraska,Arthur,239.0752688
Nebraska,Banner,239.0752688
Nebraska,Blaine,239.0752688
Nebraska,Boone,239.0752688
Nebraska,Box Butte,239.0752688
Nebraska,Boyd,239.0752688
Nebraska,Brown,239.0752688
Nebraska,Buffalo,239.0752688
Nebraska,Burt,239.0752688
Nebraska,Butler,239.0752688
Nebraska,Cass,239.0752688
Nebraska,Cedar,239.0752688
Nebraska,Chase,239.0752688
Nebraska,Cherry,239.0752688
Nebraska,Cheyenne,239.0752688
Nebraska,Clay,239.0752688
Nebraska,Colfax,239.0752688
Nebraska,Cuming,239.0752688
Nebraska,Custer,239.0752688
Nebraska,Dakota,239.0752688
Nebraska,Dawes,239.0752688
Nebraska,Dawson,239.0752688
Nebraska,Deuel,239.0752688
Nebraska,Dixon,239.0752688
Nebraska,Dodge,239.0752688
Nebraska,Douglas,239.0752688
Nebraska,Dundy,239.0752688
Nebraska,Fillmore,239.0752688
Nebraska,Franklin,239.0752688
Nebraska,Frontier,239.0752688
Nebraska,Furnas,239.0752688
Nebraska,Gage,239.0752688
Nebraska,Garden,239.0752688
Nebraska,Garfield,239.0752688
Nebraska,Gosper,239.0752688
Nebraska,Grant,239.0752688
Nebraska,Greeley,239.0752688
Nebraska,Hall,239.0752688
Nebraska,Hamilton,239.0752688
Nebraska,Harlan,239.0752688
Nebraska,Hayes,239.0752688
Nebraska,Hitchcock,239.0752688
Nebraska,Holt,239.0752688
Nebraska,Hooker,239.0752688
Nebraska,Howard,239.0752688
Nebraska,Jefferson,239.0752688
Nebraska,Johnson,239.0752688
Nebraska,Kearney,239.0752688
Nebraska,Keith,239.0752688
Nebraska,Keya Paha,239.0752688
Nebraska,Kimball,239.0752688
Nebraska,Knox,239.0752688
Nebraska,Lancaster,239.0752688
Nebraska,Lincoln,239.0752688
Nebraska,Logan,239.0752688
Nebraska,Loup,239.0752688
Nebraska,McPherson,239.0752688
Nebraska,Madison,239.0752688
Nebraska,Merrick,239.0752688
Nebraska,Morrill,239.0752688
Nebraska,Nance,239.0752688
Nebraska,Nemaha,239.0752688
Nebraska,Nuckolls,239.0752688
Nebraska,Otoe,239.0752688
Nebraska,Pawnee,239.0752688
Nebraska,Perkins,239.0752688
Nebraska,Phelps,239.0752688
Nebraska,Pierce,239.0752688
Nebraska,Platte,239.0752688
Nebraska,Polk,239.0752688
Nebraska,Red Willow,239.0752688
Nebraska,Richardson,239.0752688
Nebraska,Rock,239.0752688
Nebraska,Saline,239.0752688
Nebraska,Sarpy,239.0752688
Nebraska,Saunders,239.0752688
Nebraska,Scotts Bluff,239.0752688
Nebraska,Seward,239.0752688
Nebraska,Sheridan,239.0752688
Nebraska,Sherman,239.0752688
Nebraska,Sioux,239.0752688
Nebraska,Stanton,239.0752688
Nebraska,Thayer,239.0752688
Nebraska,Thomas,239.0752688
Nebraska,Thurston,239.0752688
Nebraska,Valley,239.0752688
Nebraska,Washington County,239.0752688
Nebraska,Wayne,239.0752688
Nebraska,Webster,239.0752688
Nebraska,Wheeler,239.0752688
Nebraska,York,239.0752688
Nevada,Carson City,4522.823529
Nevada,Churchill,4522.823529
Nevada,Clark,4522.823529
Nevada,Douglas,4522.823529
Nevada,Elko,4522.823529
Nevada,Esmeralda,4522.823529
Nevada,Eureka,4522.823529
Nevada,Humboldt,4522.823529
Nevada,Lander,4522.823529
Nevada,Lincoln,4522.823529
Nevada,Lyon,4522.823529
Nevada,Mineral,4522.823529
Nevada,Nye,4522.823529
Nevada,Pershing,4522.823529
Nevada,Storey,4522.823529
Nevada,Washoe,4522.823529
Nevada,White Pine,4522.823529
New Hampshire,Belknap,6413.5
New Hampshire,Carroll,6413.5
New Hampshire,Cheshire,6413.5
New Hampshire,Coos,6413.5
New Hampshire,Grafton,6413.5
New Hampshire,Hillsborough,6413.5
New Hampshire,Merrimack,6413.5
New Hampshire,Rockingham,6413.5
New Hampshire,Strafford,6413.5
New Hampshire,Sullivan,6413.5
New Jersey,Atlantic,2738.333333
New Jersey,Bergen,2738.333333
New Jersey,Burlington,2738.333333
New Jersey,Camden,2738.333333
New Jersey,Cape May,2738.333333
New Jersey,Cumberland,2738.333333
New Jersey,Essex,2738.333333
New Jersey,Gloucester,2738.333333
New Jersey,Hudson,2738.333333
New Jersey,Hunterdon,2738.333333
New Jersey,Mercer,2738.333333
New Jersey,Middlesex,2738.333333
New Jersey,Monmouth,2738.333333
New Jersey,Morris,2738.333333
New Jersey,Ocean,2738.333333
New Jersey,Passaic,2738.333333
New Jersey,Salem,2738.333333
New Jersey,Somerset,2738.333333
New Jersey,Sussex,2738.333333
New Jersey,Union,2738.333333
New Jersey,Warren,2738.333333
New Mexico,Bernalillo,2956.969697
New Mexico,Catron,2956.969697
New Mexico,Chaves,2956.969697
New Mexico,Cibola,2956.969697
New Mexico,Colfax,2956.969697
New Mexico,Curry,2956.969697
New Mexico,De Baca,2956.969697
New Mexico,Dona Ana,2956.969697
New Mexico,Eddy,2956.969697
New Mexico,Grant,2956.969697
New Mexico,Guadalupe,2956.969697
New Mexico,Harding,2956.969697
New Mexico,Hidalgo,2956.969697
New Mexico,Lea,2956.969697
New Mexico,Lincoln,2956.969697
New Mexico,Los Alamos,2956.969697
New Mexico,Luna,2956.969697
New Mexico,McKinley,2956.969697
New Mexico,Mora,2956.969697
New Mexico,Otero,2956.969697
New Mexico,Quay,2956.969697
New Mexico,Rio Arriba,2956.969697
New Mexico,Roosevelt,2956.969697
New Mexico,Sandoval,2956.969697
New Mexico,San Juan,2956.969697
New Mexico,San Miguel,2956.969697
New Mexico,Santa Fe,2956.969697
New Mexico,Sierra,2956.969697
New Mexico,Socorro,2956.969697
New Mexico,Taos,2956.969697
New Mexico,Torrance,2956.969697
New Mexico,Union,2956.969697
New Mexico,Valencia,2956.969697
New York,Albany,1229.145161
New York,Allegany,1229.145161
New York,Bronx,1229.145161
New York,Broome,1229.145161
New York,Cattaraugus,1229.145161
New York,Cayuga,1229.145161
New York,Chautauqua,1229.145161
New York,Chemung,1229.145161
New York,Chenango,1229.145161
New York,Clinton,1229.145161
New York,Columbia,1229.145161
New York,Cortland,1229.145161
New York,Delaware County,1229.145161
New York,Dutchess,1229.145161
New York,Erie,1229.145161
New York,Essex,1229.145161
New York,Franklin,1229.145161
New York,Fulton,1229.145161
New York,Genesee,1229.145161
New York,Greene,1229.145161
New York,Hamilton,1229.145161
New York,Herkimer,1229.145161
New York,Jefferson,1229.145161
New York,Kings,1229.145161
New York,Lewis,1229.145161
New York,Livingston,1229.145161
New York,Madison,1229.145161
New York,Monroe,1229.145161
New York,Montgomery,1229.145161
New York,Nassau,1229.145161
New York,New York City,1229.145161
New York,Niagara,1229.145161
New York,Oneida,1229.145161
New York,Onondaga,1229.145161
New York,Ontario,1229.145161
New York,Orange,1229.145161
New York,Orleans,1229.145161
New York,Oswego,1229.145161
New York,Otsego,1229.145161
New York,Putnam,1229.145161
New York,Queens,1229.145161
New York,Rensselaer,1229.145161
New York,Richmond,1229.145161
New York,Rockland,1229.145161
New York,St. Lawrence,1229.145161
New York,Saratoga,1229.145161
New York,Schenectady,1229.145161
New York,Schoharie,1229.145161
New York,Schuyler,1229.145161
New York,Seneca,1229.145161
New York,Steuben,1229.145161
New York,Suffolk,1229.145161
New York,Sullivan,1229.145161
New York,Tioga,1229.145161
New York,Tompkins,1229.145161
New York,Ulster,1229.145161
New York,Warren,1229.145161
New York,Washington County,1229.145161
New York,Wayne,1229.145161
New York,Westchester,1229.145161
New York,Wyoming County,1229.145161
New York,Yates,1229.145161
North Carolina,Alamance,1522.38
North Carolina,Alexander,1522.38
North Carolina,Alleghany,1522.38
North Carolina,Anson,1522.38
North Carolina,Ashe,1522.38
North Carolina,Avery,1522.38
North Carolina,Beaufort,1522.38
North Carolina,Bertie,1522.38
North Carolina,Bladen,1522.38
North Carolina,Brunswick,1522.38
North Carolina,Buncombe,1522.38
North Carolina,Burke,1522.38
North Carolina,Cabarrus,1522.38
North Carolina,Caldwell,1522.38
North Carolina,Camden,1522.38
North Carolina,Carteret,1522.38
North Carolina,Caswell,1522.38
North Carolina,Catawba,1522.38
North Carolina,Chatham,1522.38
North Carolina,Cherokee,1522.38
North Carolina,Chowan,1522.38
North Carolina,Clay,1522.38
North Carolina,Cleveland,1522.38
North Carolina,Columbus,1522.38
North Carolina,Craven,1522.38
North Carolina,Cumberland,1522.38
North Carolina,Currituck,1522.38
North Carolina,Dare,1522.38
North Carolina,Davidson,1522.38
North Carolina,Davie,1522.38
North Carolina,Duplin,1522.38
North Carolina,Durham,1522.38
North Carolina,Edgecombe,1522.38
North Carolina,Forsyth,1522.38
North Carolina,Franklin,1522.38
North Carolina,Gaston,1522.38
North Carolina,Gates,1522.38
North Carolina,Graham,1522.38
North Carolina,Granville,1522.38
North Carolina,Greene,1522.38
North Carolina,Guilford,1522.38
North Carolina,Halifax,1522.38
North Carolina,Harnett,1522.38
North Carolina,Haywood,1522.38
North Carolina,Henderson,1522.38
North Carolina,Hertford,1522.38
North Carolina,Hoke,1522.38
North Carolina,Hyde,1522.38
North Carolina,Iredell,1522.38
North Carolina,Jackson,1522.38
North Carolina,Johnston,1522.38
North Carolina,Jones,1522.38
North Carolina,Lee,1522.38
North Carolina,Lenoir,1522.38
North Carolina,Lincoln,1522.38
North Carolina,McDowell,1522.38
North Carolina,Macon,1522.38
North Carolina,Madison,1522.38
North Carolina,Martin,1522.38
North Carolina,Mecklenburg,1522.38
North Carolina,Mitchell,1522.38
North Carolina,Montgomery,1522.38
North Carolina,Moore,1522.38
North Carolina,Nash,1522.38
North Carolina,New Hanover,1522.38
North Carolina,Northampton,1522.38
North Carolina,Onslow,1522.38
North Carolina,Orange,1522.38
North Carolina,Pamlico,1522.38
North Carolina,Pasquotank,1522.38
North Carolina,Pender,1522.38
North Carolina,Perquimans,1522.38
North Carolina,Person,1522.38
North Carolina,Pitt,1522.38
North Carolina,Polk,1522.38
North Carolina,Randolph,1522.38
North Carolina,Richmond,1522.38
North Carolina,Robeson,1522.38
North Carolina,Rockingham,1522.38
North Carolina,Rowan,1522.38
North Carolina,Rutherford,1522.38
North Carolina,Sampson,1522.38
North Carolina,Scotland,1522.38
North Carolina,Stanly,1522.38
North Carolina,Stokes,1522.38
North Carolina,Surry,1522.38
North Carolina,Swain,1522.38
North Carolina,Transylvania,1522.38
North Carolina,Tyrrell,1522.38
North Carolina,Union,1522.38
North Carolina,Vance,1522.38
North Carolina,Wake,1522.38
North Carolina,Warren,1522.38
North Carolina,Washington County,1522.38
North Carolina,Watauga,1522.38
North Carolina,Wayne,1522.38
North Carolina,Wilkes,1522.38
North Carolina,Wilson,1522.38
North Carolina,Yadkin,1522.38
North Carolina,Yancey,1522.38
North Dakota,Adams,250.4150943
North Dakota,Barnes,250.4150943
North Dakota,Benson,250.4150943
North Dakota,Billings,250.4150943
North Dakota,Bottineau,250.4150943
North Dakota,Bowman,250.4150943
North Dakota,Burke,250.4150943
North Dakota,Burleigh,250.4150943
North Dakota,Cass,250.4150943
North Dakota,Cavalier,250.4150943
North Dakota,Dickey,250.4150943
North Dakota,Divide,250.4150943
North Dakota,Dunn,250.4150943
North Dakota,Eddy,250.4150943
North Dakota,Emmons,250.4150943
North Dakota,Foster,250.4150943
North Dakota,Golden Valley,250.4150943
North Dakota,Grand Forks,250.4150943
North Dakota,Grant,250.4150943
North Dakota,Griggs,250.4150943
North Dakota,Hettinger,250.4150943
North Dakota,Kidder,250.4150943
North Dakota,LaMoure,250.4150943
North Dakota,Logan,250.4150943
North Dakota,McHenry,250.4150943
North Dakota,McIntosh,250.4150943
North Dakota,McKenzie,250.4150943
North Dakota,McLean,250.4150943
North Dakota,Mercer,250.4150943
North Dakota,Morton,250.4150943
North Dakota,Mountrail,250.4150943
North Dakota,Nelson,250.4150943
North Dakota,Oliver,250.4150943
North Dakota,Pembina,250.4150943
North Dakota,Pierce,250.4150943
North Dakota,Ramsey,250.4150943
North Dakota,Ransom,250.4150943
North Dakota,Renville,250.4150943
North Dakota,Richland,250.4150943
North Dakota,Rolette,250.4150943
North Dakota,Sargent,250.4150943
North Dakota,Sheridan,250.4150943
North Dakota,Sioux,250.4150943
North Dakota,Slope,250.4150943
North Dakota,Stark,250.4150943
North Dakota,Steele,250.4150943
North Dakota,Stutsman,250.4150943
North Dakota,Towner,250.4150943
North Dakota,Traill,250.4150943
North Dakota,Walsh,250.4150943
North Dakota,Ward,250.4150943
North Dakota,Wells,250.4150943
North Dakota,Williams,250.4150943
Ohio,Adams,1970.511364
Ohio,Allen,1970.511364
Ohio,Ashland,1970.511364
Ohio,Ashtabula,1970.511364
Ohio,Athens,1970.511364
Ohio,Auglaize,1970.511364
Ohio,Belmont,1970.511364
Ohio,Brown,1970.511364
Ohio,Butler,1970.511364
Ohio,Carroll,1970.511364
Ohio,Champaign,1970.511364
Ohio,Clark,1970.511364
Ohio,Clermont,1970.511364
Ohio,Clinton,1970.511364
Ohio,Columbiana,1970.511364
Ohio,Coshocton,1970.511364
Ohio,Crawford,1970.511364
Ohio,Cuyahoga,1970.511364
Ohio,Darke,1970.511364
Ohio,Defiance,1970.511364
Ohio,Delaware County,1970.511364
Ohio,Erie,1970.511364
Ohio,Fairfield,1970.511364
Ohio,Fayette,1970.511364
Ohio,Franklin,1970.511364
Ohio,Fulton,1970.511364
Ohio,Gallia,1970.511364
Ohio,Geauga,1970.511364
Ohio,Greene,1970.511364
Ohio,Guernsey,1970.511364
Ohio,Hamilton,1970.511364
Ohio,Hancock,1970.511364
Ohio,Hardin,1970.511364
Ohio,Harrison,1970.511364
Ohio,Henry,1970.511364
Ohio,Highland,1970.511364
Ohio,Hocking,1970.511364
Ohio,Holmes,1970.511364
Ohio,Huron,1970.511364
Ohio,Jackson,1970.511364
Ohio,Jefferson,1970.511364
Ohio,Knox,1970.511364
Ohio,Lake,1970.511364
Ohio,Lawrence,1970.511364
Ohio,Licking,1970.511364
Ohio,Logan,1970.511364
Ohio,Lorain,1970.511364
Ohio,Lucas,1970.511364
Ohio,Madison,1970.511364
Ohio,Mahoning,1970.511364
Ohio,Marion,1970.511364
Ohio,Medina,1970.511364
Ohio,Meigs,1970.511364
Ohio,Mercer,1970.511364
Ohio,Miami,1970.511364
Ohio,Monroe,1970.511364
Ohio,Montgomery,1970.511364
Ohio,Morgan,1970.511364
Ohio,Morrow,1970.511364
Ohio,Muskingum,1970.511364
Ohio,Noble,1970.511364
Ohio,Ottawa,1970.511364
Ohio,Paulding,1970.511364
Ohio,Perry,1970.511364
Ohio,Pickaway,1970.511364
Ohio,Pike,1970.511364
Ohio,Portage,1970.511364
Ohio,Preble,1970.511364
Ohio,Putnam,1970.511364
Ohio,Richland,1970.511364
Ohio,Ross,1970.511364
Ohio,Sandusky,1970.511364
Ohio,Scioto,1970.511364
Ohio,Seneca,1970.511364
Ohio,Shelby,1970.511364
Ohio,Stark,1970.511364
Ohio,Summit,1970.511364
Ohio,Trumbull,1970.511364
Ohio,Tuscarawas,1970.511364
Ohio,Union,1970.511364
Ohio,Van Wert,1970.511364
Ohio,Vinton,1970.511364
Ohio,Warren,1970.511364
Ohio,Washington County,1970.511364
Ohio,Wayne,1970.511364
Ohio,Williams,1970.511364
Ohio,Wood,1970.511364
Ohio,Wyandot,1970.511364
Oklahoma,Adair,925.5714286
Oklahoma,Alfalfa,925.5714286
Oklahoma,Atoka,925.5714286
Oklahoma,Beaver,925.5714286
Oklahoma,Beckham,925.5714286
Oklahoma,Blaine,925.5714286
Oklahoma,Bryan,925.5714286
Oklahoma,Caddo,925.5714286
Oklahoma,Canadian,925.5714286
Oklahoma,Carter,925.5714286
Oklahoma,Cherokee,925.5714286
Oklahoma,Choctaw,925.5714286
Oklahoma,Cimarron,925.5714286
Oklahoma,Cleveland,925.5714286
Oklahoma,Coal,925.5714286
Oklahoma,Comanche,925.5714286
Oklahoma,Cotton,925.5714286
Oklahoma,Craig,925.5714286
Oklahoma,Creek,925.5714286
Oklahoma,Custer,925.5714286
Oklahoma,Delaware County,925.5714286
Oklahoma,Dewey,925.5714286
Oklahoma,Ellis,925.5714286
Oklahoma,Garfield,925.5714286
Oklahoma,Garvin,925.5714286
Oklahoma,Grady,925.5714286
Oklahoma,Grant,925.5714286
Oklahoma,Greer,925.5714286
Oklahoma,Harmon,925.5714286
Oklahoma,Harper,925.5714286
Oklahoma,Haskell,925.5714286
Oklahoma,Hughes,925.5714286
Oklahoma,Jackson,925.5714286
Oklahoma,Jefferson,925.5714286
Oklahoma,Johnston,925.5714286
Oklahoma,Kay,925.5714286
Oklahoma,Kingfisher,925.5714286
Oklahoma,Kiowa,925.5714286
Oklahoma,Latimer,925.5714286
Oklahoma,Le Flore,925.5714286
Oklahoma,Lincoln,925.5714286
Oklahoma,Logan,925.5714286
Oklahoma,Love,925.5714286
Oklahoma,McClain,925.5714286
Oklahoma,McCurtain,925.5714286
Oklahoma,McIntosh,925.5714286
Oklahoma,Major,925.5714286
Oklahoma,Marshall,925.5714286
Oklahoma,Mayes,925.5714286
Oklahoma,Murray,925.5714286
Oklahoma,Muskogee,925.5714286
Oklahoma,Noble,925.5714286
Oklahoma,Nowata,925.5714286
Oklahoma,Okfuskee,925.5714286
Oklahoma,Oklahoma County,925.5714286
Oklahoma,Okmulgee,925.5714286
Oklahoma,Osage,925.5714286
Oklahoma,Ottawa,925.5714286
Oklahoma,Pawnee,925.5714286
Oklahoma,Payne,925.5714286
Oklahoma,Pittsburg,925.5714286
Oklahoma,Pontotoc,925.5714286
Oklahoma,Pottawatomie,925.5714286
Oklahoma,Pushmataha,925.5714286
Oklahoma,Roger Mills,925.5714286
Oklahoma,Rogers,925.5714286
Oklahoma,Seminole,925.5714286
Oklahoma,Sequoyah,925.5714286
Oklahoma,Stephens,925.5714286
Oklahoma,Texas County,925.5714286
Oklahoma,Tillman,925.5714286
Oklahoma,Tulsa,925.5714286
Oklahoma,Wagoner,925.5714286
Oklahoma,Washington County,925.5714286
Oklahoma,Washita,925.5714286
Oklahoma,Woods,925.5714286
Oklahoma,Woodward,925.5714286
Oregon,Baker,1705.083333
Oregon,Benton,1705.083333
Oregon,Clackamas,1705.083333
Oregon,Clatsop,1705.083333
Oregon,Columbia,1705.083333
Oregon,Coos,1705.083333
Oregon,Crook,1705.083333
Oregon,Curry,1705.083333
Oregon,Deschutes,1705.083333
Oregon,Douglas,1705.083333
Oregon,Gilliam,1705.083333
Oregon,Grant,1705.083333
Oregon,Harney,1705.083333
Oregon,Hood River,1705.083333
Oregon,Jackson,1705.083333
Oregon,Jefferson,1705.083333
Oregon,Josephine,1705.083333
Oregon,Klamath,1705.083333
Oregon,Lake,1705.083333
Oregon,Lane,1705.083333
Oregon,Lincoln,1705.083333
Oregon,Linn,1705.083333
Oregon,Malheur,1705.083333
Oregon,Marion,1705.083333
Oregon,Morrow,1705.083333
Oregon,Multnomah,1705.083333
Oregon,Polk,1705.083333
Oregon,Sherman,1705.083333
Oregon,Tillamook,1705.083333
Oregon,Umatilla,1705.083333
Oregon,Union,1705.083333
Oregon,Wallowa,1705.083333
Oregon,Wasco,1705.083333
Oregon,Washington County,1705.083333
Oregon,Wheeler,1705.083333
Oregon,Yamhill,1705.083333
Pennsylvania,Adams,3528.014925
Pennsylvania,Allegheny,3528.014925
Pennsylvania,Armstrong,3528.014925
Pennsylvania,Beaver,3528.014925
Pennsylvania,Bedford,3528.014925
Pennsylvania,Berks,3528.014925
Pennsylvania,Blair,3528.014925
Pennsylvania,Bradford,3528.014925
Pennsylvania,Bucks,3528.014925
Pennsylvania,Butler,3528.014925
Pennsylvania,Cambria,3528.014925
Pennsylvania,Cameron,3528.014925
Pennsylvania,Carbon,3528.014925
Pennsylvania,Centre,3528.014925
Pennsylvania,Chester,3528.014925
Pennsylvania,Clarion,3528.014925
Pennsylvania,Clearfield,3528.014925
Pennsylvania,Clinton,3528.014925
Pennsylvania,Columbia,3528.014925
Pennsylvania,Crawford,3528.014925
Pennsylvania,Cumberland,3528.014925
Pennsylvania,Dauphin,3528.014925
Pennsylvania,Delaware County,3528.014925
Pennsylvania,Elk,3528.014925
Pennsylvania,Erie,3528.014925
Pennsylvania,Fayette,3528.014925
Pennsylvania,Forest,3528.014925
Pennsylvania,Franklin,3528.014925
Pennsylvania,Fulton,3528.014925
Pennsylvania,Greene,3528.014925
Pennsylvania,Huntingdon,3528.014925
Pennsylvania,Indiana County,3528.014925
Pennsylvania,Jefferson,3528.014925
Pennsylvania,Juniata,3528.014925
Pennsylvania,Lackawanna,3528.014925
Pennsylvania,Lancaster,3528.014925
Pennsylvania,Lawrence,3528.014925
Pennsylvania,Lebanon,3528.014925
Pennsylvania,Lehigh,3528.014925
Pennsylvania,Luzerne,3528.014925
Pennsylvania,Lycoming,3528.014925
Pennsylvania,McKean,3528.014925
Pennsylvania,Mercer,3528.014925
Pennsylvania,Mifflin,3528.014925
Pennsylvania,Monroe,3528.014925
Pennsylvania,Montgomery,3528.014925
Pennsylvania,Montour,3528.014925
Pennsylvania,Northampton,3528.014925
Pennsylvania,Northumberland,3528.014925
Pennsylvania,Perry,3528.014925
Pennsylvania,Philadelphia,3528.014925
Pennsylvania,Pike,3528.014925
Pennsylvania,Potter,3528.014925
Pennsylvania,Schuylkill,3528.014925
Pennsylvania,Snyder,3528.014925
Pennsylvania,Somerset,3528.014925
Pennsylvania,Sullivan,3528.014925
Pennsylvania,Susquehanna,3528.014925
Pennsylvania,Tioga,3528.014925
Pennsylvania,Union,3528.014925
Pennsylvania,Venango,3528.014925
Pennsylvania,Warren,3528.014925
Pennsylvania,Washington County,3528.014925
Pennsylvania,Wayne,3528.014925
Pennsylvania,Westmoreland,3528.014925
Pennsylvania,Wyoming County,3528.014925
Pennsylvania,York,3528.014925
Rhode Island,Bristol,844.6
Rhode Island,Kent,844.6
Rhode Island,Newport,844.6
Rhode Island,Providence,844.6
Rhode Island,Washington County,844.6
South Carolina,Abbeville,2295.673913
South Carolina,Aiken,2295.673913
South Carolina,Allendale,2295.673913
South Carolina,Anderson,2295.673913
South Carolina,Bamberg,2295.673913
South Carolina,Barnwell,2295.673913
South Carolina,Beaufort,2295.673913
South Carolina,Berkeley,2295.673913
South Carolina,Calhoun,2295.673913
South Carolina,Charleston,2295.673913
South Carolina,Cherokee,2295.673913
South Carolina,Chester,2295.673913
South Carolina,Chesterfield,2295.673913
South Carolina,Clarendon,2295.673913
South Carolina,Colleton,2295.673913
South Carolina,Darlington,2295.673913
South Carolina,Dillon,2295.673913
South Carolina,Dorchester,2295.673913
South Carolina,Edgefield,2295.673913
South Carolina,Fairfield,2295.673913
South Carolina,Florence,2295.673913
South Carolina,Georgetown,2295.673913
South Carolina,Greenville,2295.673913
South Carolina,Greenwood,2295.673913
South Carolina,Hampton,2295.673913
South Carolina,Horry,2295.673913
South Carolina,Jasper,2295.673913
South Carolina,Kershaw,2295.673913
South Carolina,Lancaster,2295.673913
South Carolina,Laurens,2295.673913
South Carolina,Lee,2295.673913
South Carolina,Lexington,2295.673913
South Carolina,McCormick,2295.673913
South Carolina,Marion,2295.673913
South Carolina,Marlboro,2295.673913
South Carolina,Newberry,2295.673913
South Carolina,Oconee,2295.673913
South Carolina,Orangeburg,2295.673913
South Carolina,Pickens,2295.673913
South Carolina,Richland,2295.673913
South Carolina,Saluda,2295.673913
South Carolina,Spartanburg,2295.673913
South Carolina,Sumter,2295.673913
South Carolina,Union,2295.673913
South Carolina,Williamsburg,2295.673913
South Carolina,York,2295.673913
South Dakota,Aurora,320.1515152
South Dakota,Beadle,320.1515152
South Dakota,Bennett,320.1515152
South Dakota,Bon Homme,320.1515152
South Dakota,Brookings,320.1515152
South Dakota,Brown,320.1515152
South Dakota,Brule,320.1515152
South Dakota,Buffalo,320.1515152
South Dakota,Butte,320.1515152
South Dakota,Campbell,320.1515152
South Dakota,Charles Mix,320.1515152
South Dakota,Clark,320.1515152
South Dakota,Clay,320.1515152
South Dakota,Codington,320.1515152
South Dakota,Corson,320.1515152
South Dakota,Custer,320.1515152
South Dakota,Davison,320.1515152
South Dakota,Day,320.1515152
South Dakota,Deuel,320.1515152
South Dakota,Dewey,320.1515152
South Dakota,Douglas,320.1515152
South Dakota,Edmunds,320.1515152
South Dakota,Fall River,320.1515152
South Dakota,Faulk,320.1515152
South Dakota,Grant,320.1515152
South Dakota,Gregory,320.1515152
South Dakota,Haakon,320.1515152
South Dakota,Hamlin,320.1515152
South Dakota,Hand,320.1515152
South Dakota,Hanson,320.1515152
South Dakota,Harding,320.1515152
South Dakota,Hughes,320.1515152
South Dakota,Hutchinson,320.1515152
South Dakota,Hyde,320.1515152
South Dakota,Jackson,320.1515152
South Dakota,Jerauld,320.1515152
South Dakota,Jones,320.1515152
South Dakota,Kingsbury,320.1515152
South Dakota,Lake,320.1515152
South Dakota,Lawrence,320.1515152
South Dakota,Lincoln,320.1515152
South Dakota,Lyman,320.1515152
South Dakota,McCook,320.1515152
South Dakota,McPherson,320.1515152
South Dakota,Marshall,320.1515152
South Dakota,Meade,320.1515152
South Dakota,Mellette,320.1515152
South Dakota,Miner,320.1515152
South Dakota,Minnehaha,320.1515152
South Dakota,Moody,320.1515152
South Dakota,Pennington,320.1515152
South Dakota,Perkins,320.1515152
South Dakota,Potter,320.1515152
South Dakota,Roberts,320.1515152
South Dakota,Sanborn,320.1515152
South Dakota,Shannon,320.1515152
South Dakota,Spink,320.1515152
South Dakota,Stanley,320.1515152
South Dakota,Sully,320.1515152
South Dakota,Todd,320.1515152
South Dakota,Tripp,320.1515152
South Dakota,Turner,320.1515152
South Dakota,Union,320.1515152
South Dakota,Walworth,320.1515152
South Dakota,Yankton,320.1515152
South Dakota,Ziebach,320.1515152
Tennessee,Anderson,1043.778947
Tennessee,Bedford,1043.778947
Tennessee,Benton,1043.778947
Tennessee,Bledsoe,1043.778947
Tennessee,Blount,1043.778947
Tennessee,Bradley,1043.778947
Tennessee,Campbell,1043.778947
Tennessee,Cannon,1043.778947
Tennessee,Carroll,1043.778947
Tennessee,Carter,1043.778947
Tennessee,Cheatham,1043.778947
Tennessee,Chester,1043.778947
Tennessee,Claiborne,1043.778947
Tennessee,Clay,1043.778947
Tennessee,Cocke,1043.778947
Tennessee,Coffee,1043.778947
Tennessee,Crockett,1043.778947
Tennessee,Cumberland,1043.778947
Tennessee,Davidson,1043.778947
Tennessee,Decatur,1043.778947
Tennessee,DeKalb,1043.778947
Tennessee,Dickson,1043.778947
Tennessee,Dyer,1043.778947
Tennessee,Fayette,1043.778947
Tennessee,Fentress,1043.778947
Tennessee,Franklin,1043.778947
Tennessee,Gibson,1043.778947
Tennessee,Giles,1043.778947
Tennessee,Grainger,1043.778947
Tennessee,Greene,1043.778947
Tennessee,Grundy,1043.778947
Tennessee,Hamblen,1043.778947
Tennessee,Hamilton,1043.778947
Tennessee,Hancock,1043.778947
Tennessee,Hardeman,1043.778947
Tennessee,Hardin,1043.778947
Tennessee,Hawkins,1043.778947
Tennessee,Haywood,1043.778947
Tennessee,Henderson,1043.778947
Tennessee,Henry,1043.778947
Tennessee,Hickman,1043.778947
Tennessee,Houston,1043.778947
Tennessee,Humphreys,1043.778947
Tennessee,Jackson,1043.778947
Tennessee,Jefferson,1043.778947
Tennessee,Johnson,1043.778947
Tennessee,Knox,1043.778947
Tennessee,Lake,1043.778947
Tennessee,Lauderdale,1043.778947
Tennessee,Lawrence,1043.778947
Tennessee,Lewis,1043.778947
Tennessee,Lincoln,1043.778947
Tennessee,Loudon,1043.778947
Tennessee,McMinn,1043.778947
Tennessee,McNairy,1043.778947
Tennessee,Macon,1043.778947
Tennessee,Madison,1043.778947
Tennessee,Marion,1043.778947
Tennessee,Marshall,1043.778947
Tennessee,Maury,1043.778947
Tennessee,Meigs,1043.778947
Tennessee,Monroe,1043.778947
Tennessee,Montgomery,1043.778947
Tennessee,Moore,1043.778947
Tennessee,Morgan,1043.778947
Tennessee,Obion,1043.778947
Tennessee,Overton,1043.778947
Tennessee,Perry,1043.778947
Tennessee,Pickett,1043.778947
Tennessee,Polk,1043.778947
Tennessee,Putnam,1043.778947
Tennessee,Rhea,1043.778947
Tennessee,Roane,1043.778947
Tennessee,Robertson,1043.778947
Tennessee,Rutherford,1043.778947
Tennessee,Scott,1043.778947
Tennessee,Sequatchie,1043.778947
Tennessee,Sevier,1043.778947
Tennessee,Shelby,1043.778947
Tennessee,Smith,1043.778947
Tennessee,Stewart,1043.778947
Tennessee,Sullivan,1043.778947
Tennessee,Sumner,1043.778947
Tennessee,Tipton,1043.778947
Tennessee,Trousdale,1043.778947
Tennessee,Unicoi,1043.778947
Tennessee,Union,1043.778947
Tennessee,Van Buren,1043.778947
Tennessee,Warren,1043.778947
Tennessee,Washington County,1043.778947
Tennessee,Wayne,1043.778947
Tennessee,Weakley,1043.778947
Tennessee,White,1043.778947
Tennessee,Williamson,1043.778947
Tennessee,Wilson,1043.778947
Texas,Anderson,2317.700787
Texas,Andrews,2317.700787
Texas,Angelina,2317.700787
Texas,Aransas,2317.700787
Texas,Archer,2317.700787
Texas,Armstrong,2317.700787
Texas,Atascosa,2317.700787
Texas,Austin,2317.700787
Texas,Bailey,2317.700787
Texas,Bandera,2317.700787
Texas,Bastrop,2317.700787
Texas,Baylor,2317.700787
Texas,Bee,2317.700787
Texas,Bell,2317.700787
Texas,Bexar,2317.700787
Texas,Blanco,2317.700787
Texas,Borden,2317.700787
Texas,Bosque,2317.700787
Texas,Bowie,2317.700787
Texas,Brazoria,2317.700787
Texas,Brazos,2317.700787
Texas,Brewster,2317.700787
Texas,Briscoe,2317.700787
Texas,Brooks,2317.700787
Texas,Brown,2317.700787
Texas,Burleson,2317.700787
Texas,Burnet,2317.700787
Texas,Caldwell,2317.700787
Texas,Calhoun,2317.700787
Texas,Callahan,2317.700787
Texas,Cameron,2317.700787
Texas,Camp,2317.700787
Texas,Carson,2317.700787
Texas,Cass,2317.700787
Texas,Castro,2317.700787
Texas,Chambers,2317.700787
Texas,Cherokee,2317.700787
Texas,Childress,2317.700787
Texas,Clay,2317.700787
Texas,Cochran,2317.700787
Texas,Coke,2317.700787
Texas,Coleman,2317.700787
Texas,Collin,2317.700787
Texas,Collingsworth,2317.700787
Texas,Colorado County,2317.700787
Texas,Comal,2317.700787
Texas,Comanche,2317.700787
Texas,Concho,2317.700787
Texas,Cooke,2317.700787
Texas,Coryell,2317.700787
Texas,Cottle,2317.700787
Texas,Crane,2317.700787
Texas,Crockett,2317.700787
Texas,Crosby,2317.700787
Texas,Culberson,2317.700787
Texas,Dallam,2317.700787
Texas,Dallas,2317.700787
Texas,Dawson,2317.700787
Texas,Deaf Smith,2317.700787
Texas,Delta,2317.700787
Texas,Denton,2317.700787
Texas,DeWitt,2317.700787
Texas,Dickens,2317.700787
Texas,Dimmit,2317.700787
Texas,Donley,2317.700787
Texas,Duval,2317.700787
Texas,Eastland,2317.700787
Texas,Ector,2317.700787
Texas,Edwards,2317.700787
Texas,Ellis,2317.700787
Texas,El Paso,2317.700787
Texas,Erath,2317.700787
Texas,Falls,2317.700787
Texas,Fannin,2317.700787
Texas,Fayette,2317.700787
Texas,Fisher,2317.700787
Texas,Floyd,2317.700787
Texas,Foard,2317.700787
Texas,Fort Bend,2317.700787
Texas,Franklin,2317.700787
Texas,Freestone,2317.700787
Texas,Frio,2317.700787
Texas,Gaines,2317.700787
Texas,Galveston,2317.700787
Texas,Garza,2317.700787
Texas,Gillespie,2317.700787
Texas,Glasscock,2317.700787
Texas,Goliad,2317.700787
Texas,Gonzales,2317.700787
Texas,Gray,2317.700787
Texas,Grayson,2317.700787
Texas,Gregg,2317.700787
Texas,Grimes,2317.700787
Texas,Guadalupe,2317.700787
Texas,Hale,2317.700787
Texas,Hall,2317.700787
Texas,Hamilton,2317.700787
Texas,Hansford,2317.700787
Texas,Hardeman,2317.700787
Texas,Hardin,2317.700787
Texas,Harris,2317.700787
Texas,Harrison,2317.700787
Texas,Hartley,2317.700787
Texas,Haskell,2317.700787
Texas,Hays,2317.700787
Texas,Hemphill,2317.700787
Texas,Henderson,2317.700787
Texas,Hidalgo,2317.700787
Texas,Hill,2317.700787
Texas,Hockley,2317.700787
Texas,Hood,2317.700787
Texas,Hopkins,2317.700787
Texas,Houston,2317.700787
Texas,Howard,2317.700787
Texas,Hudspeth,2317.700787
Texas,Hunt,2317.700787
Texas,Hutchinson,2317.700787
Texas,Irion,2317.700787
Texas,Jack,2317.700787
Texas,Jackson,2317.700787
Texas,Jasper,2317.700787
Texas,Jeff Davis,2317.700787
Texas,Jefferson,2317.700787
Texas,Jim Hogg,2317.700787
Texas,Jim Wells,2317.700787
Texas,Johnson,2317.700787
Texas,Jones,2317.700787
Texas,Karnes,2317.700787
Texas,Kaufman,2317.700787
Texas,Kendall,2317.700787
Texas,Kenedy,2317.700787
Texas,Kent,2317.700787
Texas,Kerr,2317.700787
Texas,Kimble,2317.700787
Texas,King,2317.700787
Texas,Kinney,2317.700787
Texas,Kleberg,2317.700787
Texas,Knox,2317.700787
Texas,Lamar,2317.700787
Texas,Lamb,2317.700787
Texas,Lampasas,2317.700787
Texas,La Salle,2317.700787
Texas,Lavaca,2317.700787
Texas,Lee,2317.700787
Texas,Leon,2317.700787
Texas,Liberty,2317.700787
Texas,Limestone,2317.700787
Texas,Lipscomb,2317.700787
Texas,Live Oak,2317.700787
Texas,Llano,2317.700787
Texas,Loving,2317.700787
Texas,Lubbock,2317.700787
Texas,Lynn,2317.700787
Texas,McCulloch,2317.700787
Texas,McLennan,2317.700787
Texas,McMullen,2317.700787
Texas,Madison,2317.700787
Texas,Marion,2317.700787
Texas,Martin,2317.700787
Texas,Mason,2317.700787
Texas,Matagorda,2317.700787
Texas,Maverick,2317.700787
Texas,Medina,2317.700787
Texas,Menard,2317.700787
Texas,Midland,2317.700787
Texas,Milam,2317.700787
Texas,Mills,2317.700787
Texas,Mitchell,2317.700787
Texas,Montague,2317.700787
Texas,Montgomery,2317.700787
Texas,Moore,2317.700787
Texas,Morris,2317.700787
Texas,Motley,2317.700787
Texas,Nacogdoches,2317.700787
Texas,Navarro,2317.700787
Texas,Newton,2317.700787
Texas,Nolan,2317.700787
Texas,Nueces,2317.700787
Texas,Ochiltree,2317.700787
Texas,Oldham,2317.700787
Texas,Orange,2317.700787
Texas,Palo Pinto,2317.700787
Texas,Panola,2317.700787
Texas,Parker,2317.700787
Texas,Parmer,2317.700787
Texas,Pecos,2317.700787
Texas,Polk,2317.700787
Texas,Potter,2317.700787
Texas,Presidio,2317.700787
Texas,Rains,2317.700787
Texas,Randall,2317.700787
Texas,Reagan,2317.700787
Texas,Real,2317.700787
Texas,Red River,2317.700787
Texas,Reeves,2317.700787
Texas,Refugio,2317.700787
Texas,Roberts,2317.700787
Texas,Robertson,2317.700787
Texas,Rockwall,2317.700787
Texas,Runnels,2317.700787
Texas,Rusk,2317.700787
Texas,Sabine,2317.700787
Texas,San Augustine,2317.700787
Texas,San Jacinto,2317.700787
Texas,San Patricio,2317.700787
Texas,San Saba,2317.700787
Texas,Schleicher,2317.700787
Texas,Scurry,2317.700787
Texas,Shackelford,2317.700787
Texas,Shelby,2317.700787
Texas,Sherman,2317.700787
Texas,Smith,2317.700787
Texas,Somervell,2317.700787
Texas,Starr,2317.700787
Texas,Stephens,2317.700787
Texas,Sterling,2317.700787
Texas,Stonewall,2317.700787
Texas,Sutton,2317.700787
Texas,Swisher,2317.700787
Texas,Tarrant,2317.700787
Texas,Taylor,2317.700787
Texas,Terrell,2317.700787
Texas,Terry,2317.700787
Texas,Throckmorton,2317.700787
Texas,Titus,2317.700787
Texas,Tom Green,2317.700787
Texas,Travis,2317.700787
Texas,Trinity,2317.700787
Texas,Tyler,2317.700787
Texas,Upshur,2317.700787
Texas,Upton,2317.700787
Texas,Uvalde,2317.700787
Texas,Val Verde,2317.700787
Texas,Van Zandt,2317.700787
Texas,Victoria,2317.700787
Texas,Walker,2317.700787
Texas,Waller,2317.700787
Texas,Ward,2317.700787
Texas,Washington County,2317.700787
Texas,Webb,2317.700787
Texas,Wharton,2317.700787
Texas,Wheeler,2317.700787
Texas,Wichita,2317.700787
Texas,Wilbarger,2317.700787
Texas,Willacy,2317.700787
Texas,Williamson,2317.700787
Texas,Wilson,2317.700787
Texas,Winkler,2317.700787
Texas,Wise,2317.700787
Texas,Wood,2317.700787
Texas,Yoakum,2317.700787
Texas,Young,2317.700787
Texas,Zapata,2317.700787
Texas,Zavala,2317.700787
Utah,Beaver,2512.275862
Utah,Box Elder,2512.275862
Utah,Cache,2512.275862
Utah,Carbon,2512.275862
Utah,Daggett,2512.275862
Utah,Davis,2512.275862
Utah,Duchesne,2512.275862
Utah,Emery,2512.275862
Utah,Garfield,2512.275862
Utah,Grand,2512.275862
Utah,Iron,2512.275862
Utah,Juab,2512.275862
Utah,Kane,2512.275862
Utah,Millard,2512.275862
Utah,Morgan,2512.275862
Utah,Piute,2512.275862
Utah,Rich,2512.275862
Utah,Salt Lake,2512.275862
Utah,San Juan,2512.275862
Utah,Sanpete,2512.275862
Utah,Sevier,2512.275862
Utah,Summit,2512.275862
Utah,Tooele,2512.275862
Utah,Uintah,2512.275862
Utah,Utah County,2512.275862
Utah,Wasatch,2512.275862
Utah,Washington County,2512.275862
Utah,Wayne,2512.275862
Utah,Weber,2512.275862
Vermont,Addison,419.4285714
Vermont,Bennington,419.4285714
Vermont,Caledonia,419.4285714
Vermont,Chittenden,419.4285714
Vermont,Essex,419.4285714
Vermont,Franklin,419.4285714
Vermont,Grand Isle,419.4285714
Vermont,Lamoille,419.4285714
Vermont,Orange,419.4285714
Vermont,Orleans,419.4285714
Vermont,Rutland,419.4285714
Vermont,Washington County,419.4285714
Vermont,Windham,419.4285714
Vermont,Windsor,419.4285714
Virginia,Accomack,3240.231579
Virginia,Albemarle,3240.231579
Virginia,Alleghany,3240.231579
Virginia,Amelia,3240.231579
Virginia,Amherst,3240.231579
Virginia,Appomattox,3240.231579
Virginia,Arlington,3240.231579
Virginia,Augusta,3240.231579
Virginia,Bath,3240.231579
Virginia,Bedford,3240.231579
Virginia,Bland,3240.231579
Virginia,Botetourt,3240.231579
Virginia,Brunswick,3240.231579
Virginia,Buchanan,3240.231579
Virginia,Buckingham,3240.231579
Virginia,Campbell,3240.231579
Virginia,Caroline,3240.231579
Virginia,Carroll,3240.231579
Virginia,Charles City,3240.231579
Virginia,Charlotte,3240.231579
Virginia,Chesterfield,3240.231579
Virginia,Clarke,3240.231579
Virginia,Craig,3240.231579
Virginia,Culpeper,3240.231579
Virginia,Cumberland,3240.231579
Virginia,Dickenson,3240.231579
Virginia,Dinwiddie,3240.231579
Virginia,Essex,3240.231579
Virginia,Fairfax,3240.231579
Virginia,Fauquier,3240.231579
Virginia,Floyd,3240.231579
Virginia,Fluvanna,3240.231579
Virginia,Franklin,3240.231579
Virginia,Frederick,3240.231579
Virginia,Giles,3240.231579
Virginia,Gloucester,3240.231579
Virginia,Goochland,3240.231579
Virginia,Grayson,3240.231579
Virginia,Greene,3240.231579
Virginia,Greensville,3240.231579
Virginia,Halifax,3240.231579
Virginia,Hanover,3240.231579
Virginia,Henrico,3240.231579
Virginia,Henry,3240.231579
Virginia,Highland,3240.231579
Virginia,Isle Of Wight,3240.231579
Virginia,James City,3240.231579
Virginia,King And Queen,3240.231579
Virginia,King George,3240.231579
Virginia,King William,3240.231579
Virginia,Lancaster,3240.231579
Virginia,Lee,3240.231579
Virginia,Loudoun,3240.231579
Virginia,Louisa,3240.231579
Virginia,Lunenburg,3240.231579
Virginia,Madison,3240.231579
Virginia,Mathews,3240.231579
Virginia,Mecklenburg,3240.231579
Virginia,Middlesex,3240.231579
Virginia,Montgomery,3240.231579
Virginia,Nelson,3240.231579
Virginia,New Kent,3240.231579
Virginia,Northampton,3240.231579
Virginia,Northumberland,3240.231579
Virginia,Nottoway,3240.231579
Virginia,Orange,3240.231579
Virginia,Page,3240.231579
Virginia,Patrick,3240.231579
Virginia,Pittsylvania,3240.231579
Virginia,Powhatan,3240.231579
Virginia,Prince Edward,3240.231579
Virginia,Prince George,3240.231579
Virginia,Prince William,3240.231579
Virginia,Pulaski,3240.231579
Virginia,Rappahannock,3240.231579
Virginia,Richmond,3240.231579
Virginia,Roanoke,3240.231579
Virginia,Rockbridge,3240.231579
Virginia,Rockingham,3240.231579
Virginia,Russell,3240.231579
Virginia,Scott,3240.231579
Virginia,Shenandoah,3240.231579
Virginia,Smyth,3240.231579
Virginia,Southampton,3240.231579
Virginia,Spotsylvania,3240.231579
Virginia,Stafford,3240.231579
Virginia,Surry,3240.231579
Virginia,Sussex,3240.231579
Virginia,Tazewell,3240.231579
Virginia,Warren,3240.231579
Virginia,Washington County,3240.231579
Virginia,Westmoreland,3240.231579
Virginia,Wise,3240.231579
Virginia,Wythe,3240.231579
Virginia,York,3240.231579
Washington,Adams,2354.74359
Washington,Asotin,2354.74359
Washington,Benton,2354.74359
Washington,Chelan,2354.74359
Washington,Clallam,2354.74359
Washington,Clark,2354.74359
Washington,Columbia,2354.74359
Washington,Cowlitz,2354.74359
Washington,Douglas,2354.74359
Washington,Ferry,2354.74359
Washington,Franklin,2354.74359
Washington,Garfield,2354.74359
Washington,Grant,2354.74359
Washington,Grays Harbor,2354.74359
Washington,Island,2354.74359
Washington,Jefferson,2354.74359
Washington,King,2354.74359
Washington,Kitsap,2354.74359
Washington,Kittitas,2354.74359
Washington,Klickitat,2354.74359
Washington,Lewis,2354.74359
Washington,Lincoln,2354.74359
Washington,Mason,2354.74359
Washington,Okanogan,2354.74359
Washington,Pacific,2354.74359
Washington,Pend Oreille,2354.74359
Washington,Pierce,2354.74359
Washington,San Juan,2354.74359
Washington,Skagit,2354.74359
Washington,Skamania,2354.74359
Washington,Snohomish,2354.74359
Washington,Spokane,2354.74359
Washington,Stevens,2354.74359
Washington,Thurston,2354.74359
Washington,Wahkiakum,2354.74359
Washington,Walla Walla,2354.74359
Washington,Whatcom,2354.74359
Washington,Whitman,2354.74359
Washington,Yakima,2354.74359
West Virginia,Barbour,641.1636364
West Virginia,Berkeley,641.1636364
West Virginia,Boone,641.1636364
West Virginia,Braxton,641.1636364
West Virginia,Brooke,641.1636364
West Virginia,Cabell,641.1636364
West Virginia,Calhoun,641.1636364
West Virginia,Clay,641.1636364
West Virginia,Doddridge,641.1636364
West Virginia,Fayette,641.1636364
West Virginia,Gilmer,641.1636364
West Virginia,Grant,641.1636364
West Virginia,Greenbrier,641.1636364
West Virginia,Hampshire,641.1636364
West Virginia,Hancock,641.1636364
West Virginia,Hardy,641.1636364
West Virginia,Harrison,641.1636364
West Virginia,Jackson,641.1636364
West Virginia,Jefferson,641.1636364
West Virginia,Kanawha,641.1636364
West Virginia,Lewis,641.1636364
West Virginia,Lincoln,641.1636364
West Virginia,Logan,641.1636364
West Virginia,McDowell,641.1636364
West Virginia,Marion,641.1636364
West Virginia,Marshall,641.1636364
West Virginia,Mason,641.1636364
West Virginia,Mercer,641.1636364
West Virginia,Mineral,641.1636364
West Virginia,Mingo,641.1636364
West Virginia,Monongalia,641.1636364
West Virginia,Monroe,641.1636364
West Virginia,Morgan,641.1636364
West Virginia,Nicholas,641.1636364
West Virginia,Ohio County,641.1636364
West Virginia,Pendleton,641.1636364
West Virginia,Pleasants,641.1636364
West Virginia,Pocahontas,641.1636364
West Virginia,Preston,641.1636364
West Virginia,Putnam,641.1636364
West Virginia,Raleigh,641.1636364
West Virginia,Randolph,641.1636364
West Virginia,Ritchie,641.1636364
West Virginia,Roane,641.1636364
West Virginia,Summers,641.1636364
West Virginia,Taylor,641.1636364
West Virginia,Tucker,641.1636364
West Virginia,Tyler,641.1636364
West Virginia,Upshur,641.1636364
West Virginia,Wayne,641.1636364
West Virginia,Webster,641.1636364
West Virginia,Wetzel,641.1636364
West Virginia,Wirt,641.1636364
West Virginia,Wood,641.1636364
West Virginia,Wyoming County,641.1636364
Wisconsin,Adams,901.0833333
Wisconsin,Ashland,901.0833333
Wisconsin,Barron,901.0833333
Wisconsin,Bayfield,901.0833333
Wisconsin,Brown,901.0833333
Wisconsin,Buffalo,901.0833333
Wisconsin,Burnett,901.0833333
Wisconsin,Calumet,901.0833333
Wisconsin,Chippewa,901.0833333
Wisconsin,Clark,901.0833333
Wisconsin,Columbia,901.0833333
Wisconsin,Crawford,901.0833333
Wisconsin,Dane,901.0833333
Wisconsin,Dodge,901.0833333
Wisconsin,Door,901.0833333
Wisconsin,Douglas,901.0833333
Wisconsin,Dunn,901.0833333
Wisconsin,Eau Claire,901.0833333
Wisconsin,Florence,901.0833333
Wisconsin,Fond Du Lac,901.0833333
Wisconsin,Forest,901.0833333
Wisconsin,Grant,901.0833333
Wisconsin,Green,901.0833333
Wisconsin,Green Lake,901.0833333
Wisconsin,Iowa County,901.0833333
Wisconsin,Iron,901.0833333
Wisconsin,Jackson,901.0833333
Wisconsin,Jefferson,901.0833333
Wisconsin,Juneau,901.0833333
Wisconsin,Kenosha,901.0833333
Wisconsin,Kewaunee,901.0833333
Wisconsin,La Crosse,901.0833333
Wisconsin,Lafayette,901.0833333
Wisconsin,Langlade,901.0833333
Wisconsin,Lincoln,901.0833333
Wisconsin,Manitowoc,901.0833333
Wisconsin,Marathon,901.0833333
Wisconsin,Marinette,901.0833333
Wisconsin,Marquette,901.0833333
Wisconsin,Menominee,901.0833333
Wisconsin,Milwaukee,901.0833333
Wisconsin,Monroe,901.0833333
Wisconsin,Oconto,901.0833333
Wisconsin,Oneida,901.0833333
Wisconsin,Outagamie,901.0833333
Wisconsin,Ozaukee,901.0833333
Wisconsin,Pepin,901.0833333
Wisconsin,Pierce,901.0833333
Wisconsin,Polk,901.0833333
Wisconsin,Portage,901.0833333
Wisconsin,Price,901.0833333
Wisconsin,Racine,901.0833333
Wisconsin,Richland,901.0833333
Wisconsin,Rock,901.0833333
Wisconsin,Rusk,901.0833333
Wisconsin,St. Croix,901.0833333
Wisconsin,Sauk,901.0833333
Wisconsin,Sawyer,901.0833333
Wisconsin,Shawano,901.0833333
Wisconsin,Sheboygan,901.0833333
Wisconsin,Taylor,901.0833333
Wisconsin,Trempealeau,901.0833333
Wisconsin,Vernon,901.0833333
Wisconsin,Vilas,901.0833333
Wisconsin,Walworth,901.0833333
Wisconsin,Washburn,901.0833333
Wisconsin,Washington County,901.0833333
Wisconsin,Waukesha,901.0833333
Wisconsin,Waupaca,901.0833333
Wisconsin,Waushara,901.0833333
Wisconsin,Winnebago,901.0833333
Wisconsin,Wood,901.0833333
Wyoming,Albany,5774.173913
Wyoming,Big Horn,5774.173913
Wyoming,Campbell,5774.173913
Wyoming,Carbon,5774.173913
Wyoming,Converse,5774.173913
Wyoming,Crook,5774.173913
Wyoming,Fremont,5774.173913
Wyoming,Goshen,5774.173913
Wyoming,Hot Springs,5774.173913
Wyoming,Johnson,5774.173913
Wyoming,Laramie,5774.173913
Wyoming,Lincoln,5774.173913
Wyoming,Natrona,5774.173913
Wyoming,Niobrara,5774.173913
Wyoming,Park,5774.173913
Wyoming,Platte,5774.173913
Wyoming,Sheridan,5774.173913
Wyoming,Sublette,5774.173913
Wyoming,Sweetwater,5774.173913
Wyoming,Teton,5774.173913
Wyoming,Uinta,5774.173913
Wyoming,Washakie,5774.173913
Wyoming,Weston,5774.173913
